
================================================================================
SEED 9001
================================================================================

INFO:
{'arena_size': 400.0, 'grid_size': 40, 'cell_size': 10.0, 'base_xy': [0.0, 0.0], 'prior_map': [[6.25000000000052e-06, 6.25000000000102e-06, 6.250000000001855e-06, 6.2500000000031275e-06, 6.250000000004887e-06, 6.250000000007076e-06, 6.250000000009498e-06, 6.250000000011814e-06, 6.250000000013619e-06, 6.2500000000145515e-06, 6.250000000014411e-06, 6.25000000001323e-06, 6.25000000001126e-06, 6.250000000008886e-06, 6.250000000006504e-06, 6.250000000004417e-06, 6.250000000002784e-06, 6.25000000000163e-06, 6.250000000000887e-06, 6.250000000000449e-06, 6.250000000000213e-06, 6.250000000000094e-06, 6.25000000000004e-06, 6.250000000000016e-06, 6.250000000000007e-06, 6.250000000000004e-06, 6.250000000000003e-06, 6.250000000000002e-06, 6.250000000000002e-06, 6.250000000000002e-06, 6.250000000000002e-06, 6.250000000000002e-06, 6.250000000000002e-06, 6.250000000000002e-06, 6.250000000000002e-06, 6.250000000000002e-06, 6.250000000000002e-06, 6.250000000000002e-06, 6.250000000000002e-06, 6.250000000000002e-06], [6.250000000004773e-06, 6.2500000000093736e-06, 6.250000000017059e-06, 6.25000000002877e-06, 6.250000000044966e-06, 6.2500000000651295e-06, 6.250000000087423e-06, 6.250000000108756e-06, 6.250000000125392e-06, 6.250000000133999e-06, 6.250000000132736e-06, 6.250000000121893e-06, 6.250000000103787e-06, 6.250000000081954e-06, 6.250000000060031e-06, 6.250000000040807e-06, 6.2500000000257535e-06, 6.2500000000151e-06, 6.250000000008233e-06, 6.250000000004178e-06, 6.2500000000019764e-06, 6.250000000000873e-06, 6.250000000000361e-06, 6.250000000000141e-06, 6.250000000000052e-06, 6.250000000000019e-06, 6.250000000000007e-06, 6.250000000000004e-06, 6.250000000000003e-06, 6.250000000000002e-06, 6.250000000000002e-06, 6.250000000000002e-06, 6.250000000000002e-06, 6.250000000000002e-06, 6.250000000000002e-06, 6.250000000000002e-06, 6.250000000000002e-06, 6.250000000000002e-06, 6.250000000000002e-06, 6.250000000000002e-06], [6.250000000040701e-06, 6.250000000079939e-06, 6.250000000145494e-06, 6.250000000245398e-06, 6.2500000003835665e-06, 6.250000000555602e-06, 6.250000000745853e-06, 6.250000000927951e-06, 6.250000001070055e-06, 6.2500000011437455e-06, 6.2500000011332906e-06, 6.25000000104113e-06, 6.250000000886962e-06, 6.250000000700901e-06, 6.250000000513937e-06, 6.250000000349836e-06, 6.250000000221199e-06, 6.2500000001300165e-06, 6.250000000071111e-06, 6.250000000036235e-06, 6.250000000017227e-06, 6.250000000007655e-06, 6.250000000003186e-06, 6.250000000001245e-06, 6.250000000000458e-06, 6.2500000000001595e-06, 6.250000000000054e-06, 6.250000000000018e-06, 6.250000000000006e-06, 6.250000000000003e-06, 6.250000000000002e-06, 6.250000000000002e-06, 6.250000000000002e-06, 6.250000000000002e-06, 6.250000000000002e-06, 6.250000000000002e-06, 6.250000000000002e-06, 6.250000000000002e-06, 6.250000000000002e-06, 6.250000000000002e-06], [6.250000000321698e-06, 6.250000000631851e-06, 6.2500000011500474e-06, 6.250000001939804e-06, 6.2500000030321385e-06, 6.250000004392394e-06, 6.250000005896995e-06, 6.250000007337704e-06, 6.2500000084629335e-06, 6.250000009048063e-06, 6.25000000896856e-06, 6.250000008243302e-06, 6.250000007027451e-06, 6.2500000055584634e-06, 6.250000004080947e-06, 6.250000002782683e-06, 6.250000001763534e-06, 6.250000001039753e-06, 6.250000000570969e-06, 6.250000000292452e-06, 6.250000000139956e-06, 6.2500000000626985e-06, 6.250000000026348e-06, 6.250000000010409e-06, 6.250000000003873e-06, 6.25000000000136e-06, 6.250000000000452e-06, 6.250000000000143e-06, 6.2500000000000435e-06, 6.250000000000014e-06, 6.250000000000005e-06, 6.250000000000003e-06, 6.250000000000002e-06, 6.250000000000002e-06, 6.250000000000002e-06, 6.250000000000002e-06, 6.250000000000002e-06, 6.250000000000002e-06, 6.250000000000002e-06, 6.250000000000002e-06], [6.250000002356297e-06, 6.250000004628128e-06, 6.2500000084240166e-06, 6.250000014209502e-06, 6.25000002221238e-06, 6.250000032179747e-06, 6.250000043207792e-06, 6.2500000537727104e-06, 6.250000062032798e-06, 6.250000066342841e-06, 6.250000065788971e-06, 6.2500000605058465e-06, 6.250000051624953e-06, 6.250000040880589e-06, 6.250000030060996e-06, 6.2500000205410626e-06, 6.2500000130547e-06, 6.250000007725533e-06, 6.250000004262992e-06, 6.2500000021971004e-06, 6.250000001059661e-06, 6.250000000479263e-06, 6.250000000203703e-06, 6.250000000081526e-06, 6.250000000030773e-06, 6.250000000010966e-06, 6.250000000003691e-06, 6.2500000000011734e-06, 6.250000000000353e-06, 6.2500000000001e-06, 6.250000000000028e-06, 6.250000000000009e-06, 6.250000000000004e-06, 6.250000000000002e-06, 6.250000000000002e-06, 6.250000000000002e-06, 6.250000000000002e-06, 6.250000000000002e-06, 6.250000000000002e-06, 6.250000000000002e-06], [6.250000015993283e-06, 6.25000003141403e-06, 6.250000057181104e-06, 6.2500000964570046e-06, 6.250000150792821e-06, 6.250000218480046e-06, 6.25000029339511e-06, 6.2500003652073925e-06, 6.250000421425513e-06, 6.250000450882789e-06, 6.250000447362062e-06, 6.2500004117468825e-06, 6.2500003516753965e-06, 6.250000278877147e-06, 6.250000205461404e-06, 6.250000140755539e-06, 6.2500000897616945e-06, 6.250000053357349e-06, 6.250000029613165e-06, 6.250000015374085e-06, 6.250000007482125e-06, 6.250000003420955e-06, 6.250000001472544e-06, 6.250000000597796e-06, 6.250000000229148e-06, 6.250000000082972e-06, 6.250000000028367e-06, 6.2500000000091466e-06, 6.250000000002777e-06, 6.250000000000792e-06, 6.250000000000213e-06, 6.2500000000000545e-06, 6.250000000000014e-06, 6.2500000000000045e-06, 6.250000000000003e-06, 6.250000000000002e-06, 6.250000000000002e-06, 6.250000000000002e-06, 6.250000000000002e-06, 6.250000000000002e-06], [6.250000100593761e-06, 6.250000197592276e-06, 6.250000359680879e-06, 6.2500006067713465e-06, 6.250000948658053e-06, 6.2500013746571514e-06, 6.250001846338291e-06, 6.250002298818604e-06, 6.250002653601049e-06, 6.250002840451169e-06, 6.2500028201539245e-06, 6.250002598031014e-06, 6.250002221801017e-06, 6.250001764915152e-06, 6.2500013033180774e-06, 6.250000895640759e-06, 6.250000573505909e-06, 6.2500003427298045e-06, 6.25000019150935e-06, 6.250000100270155e-06, 6.250000049303245e-06, 6.250000022817201e-06, 6.2500000099580135e-06, 6.250000004104059e-06, 6.250000001598312e-06, 6.2500000005880445e-06, 6.250000000204164e-06, 6.25000000006677e-06, 6.250000000020523e-06, 6.250000000005914e-06, 6.250000000001595e-06, 6.250000000000403e-06, 6.250000000000096e-06, 6.250000000000022e-06, 6.250000000000006e-06, 6.250000000000003e-06, 6.250000000000002e-06, 6.250000000000002e-06, 6.250000000000002e-06, 6.250000000000002e-06], [6.2500005863151425e-06, 6.2500011517171006e-06, 6.250002096601435e-06, 6.250003537170837e-06, 6.250005530786762e-06, 6.250008015622683e-06, 6.25001076829559e-06, 6.2500134113057085e-06, 6.25001548763434e-06, 6.2500165879254e-06, 6.25001648282157e-06, 6.250015201656987e-06, 6.250013020250288e-06, 6.250010364395055e-06, 6.250007675168631e-06, 6.2500052940478305e-06, 6.25000340649373e-06, 6.2500020485300615e-06, 6.250001153734015e-06, 6.2500006099455525e-06, 6.250000303390253e-06, 6.2500001422820266e-06, 6.250000063014599e-06, 6.2500000263792744e-06, 6.250000010437949e-06, 6.2500000039003295e-06, 6.250000001373986e-06, 6.250000000455281e-06, 6.2500000001415454e-06, 6.250000000041184e-06, 6.250000000011188e-06, 6.250000000002833e-06, 6.250000000000668e-06, 6.250000000000148e-06, 6.250000000000032e-06, 6.250000000000008e-06, 6.250000000000003e-06, 6.250000000000002e-06, 6.250000000000002e-06, 6.250000000000002e-06], [6.250003166788673e-06, 6.2500062208977825e-06, 6.250011325328695e-06, 6.250019108675427e-06, 6.250029882567683e-06, 6.250043316003487e-06, 6.250058206476367e-06, 6.2500725194836215e-06, 6.250083789918304e-06, 6.250089806834226e-06, 6.2500893262172895e-06, 6.250082495400733e-06, 6.250070788883181e-06, 6.25005649114524e-06, 6.250041974168983e-06, 6.250029080638449e-06, 6.250018819824673e-06, 6.250011400303691e-06, 6.25000647896107e-06, 6.250003462732955e-06, 6.250001744361208e-06, 6.2500008297748e-06, 6.2500003731614265e-06, 6.250000158696391e-06, 6.250000063778939e-06, 6.250000024185666e-06, 6.250000008634953e-06, 6.250000002895186e-06, 6.2500000009092055e-06, 6.250000000266762e-06, 6.25000000007296e-06, 6.250000000018566e-06, 6.25000000000439e-06, 6.250000000000964e-06, 6.250000000000198e-06, 6.250000000000038e-06, 6.250000000000009e-06, 6.250000000000003e-06, 6.250000000000002e-06, 6.250000000000002e-06], [6.2500158502628114e-06, 6.250031138228459e-06, 6.250056692463238e-06, 6.2500956650424e-06, 6.250149626745485e-06, 6.250216938720344e-06, 6.2502916067369826e-06, 6.2503634748228635e-06, 6.250420225012972e-06, 6.250450791525281e-06, 6.250448916118783e-06, 6.250415268597115e-06, 6.25035713622342e-06, 6.250285859988959e-06, 6.2502132489917245e-06, 6.250148515852341e-06, 6.250096758184313e-06, 6.250059105223973e-06, 6.250033934903778e-06, 6.250018356372528e-06, 6.2500093743985915e-06, 6.250004526318794e-06, 6.250002067504532e-06, 6.250000893048461e-06, 6.250000364293269e-06, 6.250000140046697e-06, 6.250000050610311e-06, 6.25000001714653e-06, 6.250000005431801e-06, 6.2500000016051066e-06, 6.250000000441527e-06, 6.250000000112864e-06, 6.250000000026773e-06, 6.250000000005888e-06, 6.2500000000012005e-06, 6.250000000000228e-06, 6.250000000000041e-06, 6.250000000000008e-06, 6.250000000000003e-06, 6.250000000000002e-06], [6.250073516533303e-06, 6.250144434475817e-06, 6.250262992339612e-06, 6.250443843019969e-06, 6.250694334061232e-06, 6.251006964563106e-06, 6.251354069852996e-06, 6.251688696503929e-06, 6.2519538254037265e-06, 6.2520981332765644e-06, 6.252092414694542e-06, 6.25193939624372e-06, 6.251672355863222e-06, 6.251343371453669e-06, 6.251006861543262e-06, 6.250705498149272e-06, 6.2504631838523876e-06, 6.250285635617023e-06, 6.250165865497452e-06, 6.250090900926945e-06, 6.250047097827246e-06, 6.250023091444634e-06, 6.250010712376766e-06, 6.250004697178107e-06, 6.250001942991685e-06, 6.250000756323764e-06, 6.250000276284081e-06, 6.250000094456014e-06, 6.250000030146211e-06, 6.250000008962002e-06, 6.250000002477073e-06, 6.250000000635587e-06, 6.250000000151213e-06, 6.250000000033326e-06, 6.2500000000067994e-06, 6.250000000001284e-06, 6.250000000000226e-06, 6.250000000000038e-06, 6.250000000000007e-06, 6.250000000000003e-06], [6.250315985222205e-06, 6.250620850340365e-06, 6.251130598475159e-06, 6.251908381065539e-06, 6.252986100506851e-06, 6.254332037759382e-06, 6.255828000353086e-06, 6.2572729634949845e-06, 6.258422441628662e-06, 6.2590558495137434e-06, 6.259046731550537e-06, 6.258404834906109e-06, 6.25727048597629e-06, 6.255864805866341e-06, 6.254419855301221e-06, 6.25311874483347e-06, 6.252065554591217e-06, 6.2512873440883155e-06, 6.25075685659657e-06, 6.250420594963859e-06, 6.250221203576485e-06, 6.250110133579121e-06, 6.250051869616349e-06, 6.2500230690791095e-06, 6.250009665686289e-06, 6.250003804725363e-06, 6.2500014030626495e-06, 6.250000483436364e-06, 6.250000155269171e-06, 6.2500000463921846e-06, 6.250000012873706e-06, 6.250000003313515e-06, 6.2500000007902244e-06, 6.250000000174478e-06, 6.250000000035645e-06, 6.250000000006736e-06, 6.250000000001178e-06, 6.250000000000192e-06, 6.25000000000003e-06, 6.250000000000006e-06], [6.251258589398218e-06, 6.252473121552089e-06, 6.254504287761667e-06, 6.257604443584329e-06, 6.2619021982681866e-06, 6.267273707981954e-06, 6.273251626547451e-06, 6.27903903418003e-06, 6.283664960954657e-06, 6.286250849570785e-06, 6.286288583133178e-06, 6.283807539952328e-06, 6.2793536829544925e-06, 6.273794735861811e-06, 6.268046206685783e-06, 6.2628359984416395e-06, 6.258585102135479e-06, 6.2554132094688245e-06, 6.2532250626613745e-06, 6.251818407570355e-06, 6.250970965264428e-06, 6.250490792573314e-06, 6.250234504098844e-06, 6.250105678644501e-06, 6.250044794323941e-06, 6.250017807473139e-06, 6.250006620856182e-06, 6.250002296498984e-06, 6.2500007415168726e-06, 6.250000222486052e-06, 6.2500000619422416e-06, 6.2500000159838136e-06, 6.2500000038194396e-06, 6.250000000844597e-06, 6.250000000172746e-06, 6.250000000032667e-06, 6.250000000005711e-06, 6.250000000000924e-06, 6.250000000000139e-06, 6.250000000000021e-06], [6.254645576282269e-06, 6.259129571201669e-06, 6.266630370285748e-06, 6.278083064713029e-06, 6.29396917183788e-06, 6.313842602830325e-06, 6.335993465809463e-06, 6.35749694046282e-06, 6.3747816008965315e-06, 6.384604817943114e-06, 6.3850714707059e-06, 6.376248240439705e-06, 6.360093007296889e-06, 6.339751082153059e-06, 6.318562769274378e-06, 6.299208472174014e-06, 6.283270550408648e-06, 6.271243459544525e-06, 6.262834425457012e-06, 6.257344780196536e-06, 6.253981357223369e-06, 6.252041997646601e-06, 6.250988939637222e-06, 6.250451048224612e-06, 6.2501931712145964e-06, 6.250077457892676e-06, 6.250029002254906e-06, 6.250010116507042e-06, 6.25000328109457e-06, 6.250000987900218e-06, 6.250000275786102e-06, 6.250000071313985e-06, 6.250000017068481e-06, 6.250000003779064e-06, 6.250000000773667e-06, 6.250000000146407e-06, 6.250000000025605e-06, 6.250000000004139e-06, 6.2500000000006195e-06, 6.2500000000000875e-06], [6.265890457946587e-06, 6.2812324543615334e-06, 6.306903917838535e-06, 6.346118162117449e-06, 6.4005500265664134e-06, 6.4687186527814615e-06, 6.544836993434872e-06, 6.618968634948851e-06, 6.67894839786551e-06, 6.713685547966761e-06, 6.716617685820956e-06, 6.687802499771626e-06, 6.6337031137437655e-06, 6.5648434291720715e-06, 6.4924903040020605e-06, 6.425786267533705e-06, 6.3702599292297344e-06, 6.3278175009083075e-06, 6.297697607795208e-06, 6.27770576821858e-06, 6.2652402603877654e-06, 6.25792510854863e-06, 6.253886131278459e-06, 6.251791670746119e-06, 6.250774323779571e-06, 6.250312811027817e-06, 6.250117828411733e-06, 6.250041296091091e-06, 6.250013443425886e-06, 6.250004059354434e-06, 6.250001135753356e-06, 6.250000294192466e-06, 6.250000070505747e-06, 6.250000015626218e-06, 6.250000003201558e-06, 6.250000000606217e-06, 6.250000000106064e-06, 6.250000000017145e-06, 6.250000000002562e-06, 6.250000000000355e-06], [6.300370700554196e-06, 6.349018806960941e-06, 6.430448850163219e-06, 6.554902295089997e-06, 6.72779281026836e-06, 6.944595815949535e-06, 7.187199652256791e-06, 7.42436368060298e-06, 7.617718274204454e-06, 7.732110488956575e-06, 7.746436920345884e-06, 7.660238604738599e-06, 7.4931217345147535e-06, 7.277561264577414e-06, 7.04867337868442e-06, 6.8353409955074254e-06, 6.655526242778406e-06, 6.516081008070244e-06, 6.415496107463975e-06, 6.347551134622504e-06, 6.3044183792287014e-06, 6.278663478815826e-06, 6.264214680781199e-06, 6.256616632193915e-06, 6.2528822846862335e-06, 6.251171848492703e-06, 6.250443652580648e-06, 6.25015610955688e-06, 6.250050976797685e-06, 6.250015429634655e-06, 6.2500043249331215e-06, 6.250001121858764e-06, 6.250000269153323e-06, 6.2500000597019275e-06, 6.250000012239719e-06, 6.250000002318725e-06, 6.250000000405833e-06, 6.250000000065617e-06, 6.250000000009801e-06, 6.250000000001354e-06], [6.397968147967426e-06, 6.540931511974943e-06, 6.780329658886407e-06, 7.146441310992999e-06, 7.6555333810917e-06, 8.294904001480067e-06, 9.012157088073407e-06, 9.716412441366167e-06, 1.0295625051863431e-05, 1.0646541509846965e-05, 1.0706120783678883e-05, 1.0470783228192014e-05, 9.995060495763669e-06, 9.371275561428292e-06, 8.700505078568406e-06, 8.067255304339609e-06, 7.52581129986849e-06, 7.0991151914326366e-06, 6.785877459998048e-06, 6.5703833079615056e-06, 6.4310963224960845e-06, 6.346515279994468e-06, 6.298349018506458e-06, 6.272695444620422e-06, 6.2599541803619274e-06, 6.254069163108056e-06, 6.2515471583668995e-06, 6.250546217861302e-06, 6.25017882324709e-06, 6.250054232993825e-06, 6.250015224513331e-06, 6.2500039537036105e-06, 6.250000949400713e-06, 6.250000210732721e-06, 6.250000043225517e-06, 6.250000008192013e-06, 6.250000001434236e-06, 6.250000000231945e-06, 6.2500000000346465e-06, 6.250000000004781e-06], [6.65282047028905e-06, 7.042194218867388e-06, 7.694530318960315e-06, 8.692879043906241e-06, 1.0082691978644028e-05, 1.1831281773771019e-05, 1.3798602342112314e-05, 1.5740108013017982e-05, 1.7352920208121107e-05, 1.8355983715554296e-05, 1.8574316077302232e-05, 1.7991011932222267e-05, 1.674469588251512e-05, 1.5076835894284287e-05, 1.3255922833523908e-05, 1.1510921788429656e-05, 9.994492370527995e-06, 8.778121235945561e-06, 7.868386100542283e-06, 7.230714735326112e-06, 6.811156597111899e-06, 6.552262006594493e-06, 6.402776431865418e-06, 6.322241138002698e-06, 6.281871077738294e-06, 6.263088875790409e-06, 6.254994522958633e-06, 6.2517681988223e-06, 6.250580116145827e-06, 6.250176223065415e-06, 6.2500495317128355e-06, 6.250012875280733e-06, 6.2500030939778525e-06, 6.250000687132375e-06, 6.250000141004498e-06, 6.25000002673159e-06, 6.250000004681266e-06, 6.250000000757199e-06, 6.25000000011312e-06, 6.2500000000156086e-06], [7.266278518835279e-06, 8.249159486333813e-06, 9.89675393322406e-06, 1.2420429534341241e-05, 1.59383139622534e-05, 2.037354221912098e-05, 2.538047424321427e-05, 3.0350619477598473e-05, 3.4526201329199807e-05, 3.7198251124792495e-05, 3.791534431436362e-05, 3.661362348676641e-05, 3.3613713804558326e-05, 2.949559304258707e-05, 2.4916870053651785e-05, 2.0451973670535523e-05, 1.6500493800295082e-05, 1.3269529537692312e-05, 1.0805554184428363e-05, 9.045657496721094e-06, 7.867585143792914e-06, 7.129607679626561e-06, 6.69809160714278e-06, 6.463226071748383e-06, 6.344542056683713e-06, 6.288978608509442e-06, 6.264918611628955e-06, 6.2552938459952075e-06, 6.251739898149166e-06, 6.2505292460383716e-06, 6.250148910211693e-06, 6.250038738047353e-06, 6.2500093144519005e-06, 6.250002069561339e-06, 6.250000424836813e-06, 6.250000080561943e-06, 6.2500000141109915e-06, 6.250000002282821e-06, 6.250000000341075e-06, 6.250000000047063e-06], [8.626168679482288e-06, 1.0925691580728096e-05, 1.4782895910929078e-05, 2.069701050325346e-05, 2.8953681751409533e-05, 3.9388504346406546e-05, 5.121433637357084e-05, 6.303162865231967e-05, 7.30859968982761e-05, 7.972008965525223e-05, 8.185120191967218e-05, 7.92720599226572e-05, 7.265274332437682e-05, 6.326942104350881e-05, 5.260561638547262e-05, 4.1995580120120236e-05, 3.241307870195956e-05, 2.4415438845178047e-05, 1.819299198404458e-05, 1.3665104299520886e-05, 1.0583812190848832e-05, 8.626513444179605e-06, 7.468941468351044e-06, 6.833197072024682e-06, 6.509685337360808e-06, 6.357418419867949e-06, 6.291217243213342e-06, 6.264654148026987e-06, 6.254823382327352e-06, 6.251468827915106e-06, 6.250413624899949e-06, 6.25010767141184e-06, 6.2500259020135835e-06, 6.250005757280477e-06, 6.250001182185713e-06, 6.250000224227499e-06, 6.250000039281649e-06, 6.250000006355655e-06, 6.250000000949687e-06, 6.250000000131051e-06], [1.139885916037817e-05, 1.6385272605208748e-05, 2.475584027226899e-05, 3.7605013958902715e-05, 5.557559668710744e-05, 7.834997488034323e-05, 0.00010427549361340825, 0.0001303779514144129, 0.00015289966121281032, 0.00016825009143012679, 0.00017401447183478837, 0.00016959742540054122, 0.00015625017707946373, 0.0001365365014593436, 0.00011353468402428291, 9.011361332399714e-05, 6.848292363392286e-05, 5.003470365147661e-05, 3.5387417271989265e-05, 2.4533997372383847e-05, 1.7032701125700407e-05, 1.2206631169962864e-05, 9.323330712015295e-06, 7.727271494729997e-06, 6.910174948208682e-06, 6.523838615138393e-06, 6.355296686375076e-06, 6.287496958398383e-06, 6.262357147462757e-06, 6.253766519440774e-06, 6.2510614058543045e-06, 6.250276444012357e-06, 6.2500665298786185e-06, 6.250014792277315e-06, 6.250003038127952e-06, 6.2500005763521e-06, 6.250000100983195e-06, 6.250000016340533e-06, 6.250000002441865e-06, 6.25000000033698e-06], [1.6589997503033694e-05, 2.6612235289446454e-05, 4.345118464620758e-05, 6.93342712141443e-05, 0.00010560789186268446, 0.00015172415607346703, 0.0002044875399105035, 0.0002580612940349295, 0.00030500126636604066, 0.00033809863560212703, 0.00035234411900264106, 0.0003462015903123942, 0.0003217163717531444, 0.0002835678706429694, 0.0002376205419797092, 0.00018958388138121406, 0.00014412720480723576, 0.00010447552142948705, 7.235054659527686e-05, 4.812843161064107e-05, 3.114455726519847e-05, 2.0091120389511285e-05, 1.3427783949089852e-05, 9.713884112582088e-06, 7.802702843510372e-06, 6.895561416382277e-06, 6.498672778147124e-06, 6.33867349223056e-06, 6.279252182921397e-06, 6.258923084764382e-06, 6.252515995336188e-06, 6.250655583244659e-06, 6.250157827804716e-06, 6.250035100484536e-06, 6.250007210561714e-06, 6.250001368094082e-06, 6.250000239732618e-06, 6.250000038795617e-06, 6.2500000057978595e-06, 6.25000000080015e-06], [2.5494760619922068e-05, 4.416629766594936e-05, 7.556936328493074e-05, 0.00012391309294485585, 0.00019182267096263768, 0.0002784716238195738, 0.0003781775032921857, 0.0004803693526611296, 0.0005714114745430307, 0.0006378905469891481, 0.0006701397178859274, 0.0006645683818449854, 0.000623979009140948, 0.000556072767984832, 0.0004710825970868983, 0.00037952360317309545, 0.00029058457273247536, 0.00021119050404046606, 0.00014557656516076686, 9.528155223036488e-05, 5.954653602286491e-05, 3.6048200274393665e-05, 2.177054168722076e-05, 1.3765289832891914e-05, 9.627477584829934e-06, 7.657001983578754e-06, 6.7927896203604985e-06, 6.443769549816775e-06, 6.31397627547531e-06, 6.269527852640918e-06, 6.2555088406042135e-06, 6.251435945744696e-06, 6.250345792087032e-06, 6.250076919599321e-06, 6.250015803871575e-06, 6.2500029989160386e-06, 6.2500005255534365e-06, 6.250000085055869e-06, 6.250000012711999e-06, 6.250000001754431e-06], [3.944668724608193e-05, 7.169064582064448e-05, 0.000125983969029193, 0.00020971313018182343, 0.0003276430026208485, 0.0004787311365225345, 0.0006537010035725008, 0.0008348977205069533, 0.0009992349668898719, 0.0011235824773800725, 0.0011905839097352438, 0.0011925949944726736, 0.0011324586274844932, 0.001021460190471618, 0.000875899023524744, 0.0007136925475501556, 0.0005516791543476473, 0.00040363366845501105, 0.00027890536085482733, 0.00018181160735556066, 0.00011199117368277563, 6.565602209485474e-05, 3.730792366471861e-05, 2.1331954178289298e-05, 1.3042863103611288e-05, 9.084479731112997e-06, 7.3448447038910046e-06, 6.641215000494942e-06, 6.379257961302039e-06, 6.289475309579586e-06, 6.261140562434125e-06, 6.25290481240059e-06, 6.250699674673231e-06, 6.250155666439573e-06, 6.250031987486874e-06, 6.250006070518823e-06, 6.250001063929426e-06, 6.250000172197456e-06, 6.250000025736929e-06, 6.250000003552179e-06], [5.932318037472607e-05, 0.0001109391778174716, 0.0001979672767438425, 0.0003324468288241024, 0.000522428404501384, 0.0007669465266176529, 0.001052131943210091, 0.0013508196637634516, 0.001626896169002671, 0.0018433954105197539, 0.001971322385442947, 0.0019958016799269365, 0.0019177348695943884, 0.0017515069792407609, 0.0015207024190468565, 0.0012535625566675224, 0.0009788154968465872, 0.0007218310055504073, 0.0005012956624900043, 0.00032715468425704677, 0.00020056493613518532, 0.000115872137674437, 6.374494084579934e-05, 3.423813164848301e-05, 1.8879070579668754e-05, 1.152712322083897e-05, 8.290479652541601e-06, 6.979689880510033e-06, 6.491233946815342e-06, 6.3237057474381844e-06, 6.2708079801854e-06, 6.255426903835583e-06, 6.251307418290158e-06, 6.250290922665803e-06, 6.250059787669365e-06, 6.250011347357782e-06, 6.250001988888709e-06, 6.250000321918918e-06, 6.250000048116446e-06, 6.250000006641172e-06], [8.489335412121034e-05, 0.00016148888643468872, 0.00029082906228118394, 0.0004911424034884693, 0.0007750887892126034, 0.0011424213735450267, 0.001574212357731916, 0.002031999842883448, 0.0024636146231186793, 0.0028143034491155713, 0.003038997117252881, 0.003111172169982771, 0.0030260129341688107, 0.002798659803437979, 0.002459882636591554, 0.002050846965696582, 0.0016171739839666408, 0.0012021078541951022, 0.0008396517776610447, 0.0005496799164711014, 0.0003368348112414993, 0.00019341646357883853, 0.00010468425447459086, 5.426649965513482e-05, 2.7950362846550052e-05, 1.5328282261670383e-05, 9.763359130878345e-06, 7.5072364840916105e-06, 6.665847322285135e-06, 6.377104264949827e-06, 6.285893176111154e-06, 6.259363263721637e-06, 6.252256110274392e-06, 6.250502084750189e-06, 6.250103193429836e-06, 6.250019586935423e-06, 6.25000343325652e-06, 6.250000555726059e-06, 6.250000083065767e-06, 6.25000001146527e-06], [0.00011426007765072234, 0.00021963122127693463, 0.00039786540641511745, 0.0006746035699174574, 0.0010683712218639732, 0.0015806735569171323, 0.0021880441136910797, 0.002840448773258343, 0.0034683304827243305, 0.003996525597737536, 0.004359856476745161, 0.004514914129067602, 0.004445501065802112, 0.004162791045691391, 0.003702536106248079, 0.003120210765648786, 0.002483226844350116, 0.0018597809803389486, 0.0013064096393306905, 0.0008584118896652347, 0.0005267258634037156, 0.00030183322820263533, 0.00016206582029802726, 8.239141117695145e-05, 4.070662746960616e-05, 2.0679165311423018e-05, 1.1838353420523606e-05, 8.250880794572158e-06, 6.912095461708878e-06, 6.4524343056040815e-06, 6.307179374260965e-06, 6.264918769853041e-06, 6.253595219327979e-06, 6.250800179050565e-06, 6.250164473737125e-06, 6.250031220315316e-06, 6.250005472644111e-06, 6.250000885864358e-06, 6.250000132416017e-06, 6.250000018277297e-06], [0.0001437462778762894, 0.00027813271172904397, 0.0005058809956229391, 0.0008605023938311162, 0.0013672158967146864, 0.002030588532104467, 0.002824383276725745, 0.003688917491189661, 0.004538653922410649, 0.0052779604761772105, 0.00581915324035338, 0.006096937789140964, 0.006076919151156452, 0.005759492998232055, 0.00518081702970686, 0.004409982183522946, 0.003539638205596084, 0.0026692547186411685, 0.0018849407326569799, 0.0012431363052556345, 0.000764323139789321, 0.00043790376563871493, 0.00023424904307236576, 0.00011783182638212747, 5.680143575570388e-05, 2.7436903941810184e-05, 1.446076953952448e-05, 9.191211902932715e-06, 7.223597892810048e-06, 6.5477548582066936e-06, 6.334120406431977e-06, 6.271951332191865e-06, 6.255290578874044e-06, 6.25117761391304e-06, 6.25024207014835e-06, 6.25004595196388e-06, 6.250008055285951e-06, 6.250001303959301e-06, 6.250000194915961e-06, 6.250000026904606e-06], [0.00016848751313215077, 0.00032738648977445714, 0.0005972527174021886, 0.0010187819562714286, 0.0016239009541318668, 0.0024215142113983394, 0.0033854852318868215, 0.004450710825743549, 0.005520251995748779, 0.006481335927446379, 0.007224250203838304, 0.007658642740604129, 0.007725660110298195, 0.007407429752000365, 0.0067342096543714335, 0.005785496821149294, 0.004679676924585347, 0.003550902295704903, 0.002519526934518266, 0.001667404184304297, 0.0010273978845945714, 0.0005890185764004624, 0.00031459262373361493, 0.00015734450968919362, 7.476783180509268e-05, 3.4987417290690143e-05, 1.739284226062522e-05, 1.0243116830101723e-05, 7.572194937697812e-06, 6.6544571666449955e-06, 6.364284867053488e-06, 6.279826610750845e-06, 6.257189329376625e-06, 6.251600369075299e-06, 6.250328990133536e-06, 6.250062454592569e-06, 6.250010948524136e-06, 6.250001772350735e-06, 6.250000264936344e-06, 6.250000036570201e-06], [0.00018369126284274316, 0.0003578859889100846, 0.0006544329120295452, 0.0011192540113609286, 0.0017899228411306714, 0.0026804799257903983, 0.0037682389011763134, 0.004988503325672857, 0.0062401315847997055, 0.007399865094210609, 0.008340062176998597, 0.00894562015327536, 0.00912981701439123, 0.008850666352860454, 0.008126082570864302, 0.007040533395381162, 0.00573458941870824, 0.0043755106483323305, 0.0031178716471494624, 0.002069864452307637, 0.0012780733175806948, 0.0007334911290076812, 0.0003915942963600137, 0.00019528285921495685, 9.204174247374268e-05, 4.2254206962160015e-05, 2.0216847724166594e-05, 1.1256816789361028e-05, 7.908271100401184e-06, 6.757359117462147e-06, 6.393381818296971e-06, 6.287424533951816e-06, 6.259021454768752e-06, 6.252008331805552e-06, 6.250412875255776e-06, 6.250078381967434e-06, 6.250013741035986e-06, 6.250002224451229e-06, 6.250000332523201e-06, 6.250000045900069e-06], [0.00018614131668329218, 0.0003631982606130374, 0.0006654096200919903, 0.0011409258154465288, 0.0018308358843773574, 0.0027542296152827618, 0.0038947664312760054, 0.005194202234847377, 0.00655550924777306, 0.00785382009034962, 0.008951098181576125, 0.00971227155564335, 0.010024189464568897, 0.009818957720772398, 0.009097604567694704, 0.00794296566257824, 0.006510071164244586, 0.004991670484880662, 0.0035703681797573388, 0.002376921709218602, 0.0014705692138276753, 0.0008449619757845471, 0.00045121479919286365, 0.00022473341197714648, 0.00010547657986517375, 4.791394601796675e-05, 2.2418626949087397e-05, 1.2047779544972676e-05, 8.170654915173487e-06, 6.83773250920784e-06, 6.416115956887524e-06, 6.293362438956089e-06, 6.260453559372029e-06, 6.2523272664317325e-06, 6.250478461545677e-06, 6.2500908359482004e-06, 6.250015924703485e-06, 6.250002577998604e-06, 6.250000385378825e-06, 6.2500000531966094e-06], [0.00017530460961191177, 0.0003421714346344379, 0.0006278120629895454, 0.0010791364606040482, 0.0017378787588726201, 0.002627034481253147, 0.003738181168933422, 0.005024232069066038, 0.006399742088486802, 0.007747462858694301, 0.008928684557709923, 0.009797333732175551, 0.010220803624517636, 0.010108917041779332, 0.009444799914871904, 0.008303384033292874, 0.006843395568268209, 0.005270108884678813, 0.0037820924040798025, 0.0025241675809028136, 0.0015645102069031802, 0.0009000515814747784, 0.0004809499513660099, 0.000239519673277599, 0.00011225478549727536, 5.0779688494408725e-05, 2.3536433160293258e-05, 1.245012937205538e-05, 8.304321214029454e-06, 6.878722107909658e-06, 6.427719685075733e-06, 6.296395085075166e-06, 6.261185316442601e-06, 6.252490289246315e-06, 6.250511994931854e-06, 6.250097204818256e-06, 6.25001704159135e-06, 6.250002758850739e-06, 6.2500004124189125e-06, 6.250000056929675e-06], [0.00015351977812701694, 0.00029934073769224013, 0.0005497429306077638, 0.0009471859212566211, 0.0015310228827995955, 0.002326142012650443, 0.0033318659698186696, 0.004514522199755189, 0.005805187277288428, 0.007101814905182648, 0.008274936350607349, 0.009178919541816934, 0.009673011658260794, 0.009653325109390778, 0.00908802483554864, 0.008039588028032205, 0.006658806986276766, 0.005147686387527786, 0.0037051051592006125, 0.002478296567901546, 0.0015386630966444997, 0.0008863145601669818, 0.000474084691377902, 0.00023630335898348488, 0.00011084634345228392, 5.020465375882801e-05, 2.331801056958558e-05, 1.2373074821287612e-05, 8.279109524626642e-06, 6.871079414184691e-06, 6.425574933214696e-06, 6.2958382537076085e-06, 6.261051631661041e-06, 6.252460620601209e-06, 6.250505910012276e-06, 6.250096051720791e-06, 6.25001683972427e-06, 6.250002726206709e-06, 6.25000040754314e-06, 6.250000056257076e-06], [0.00012517631964136132, 0.00024333756674192655, 0.0004469383898630059, 0.0007716792621467729, 0.0012519946106526142, 0.0019122846842006514, 0.0027579025959095613, 0.003768164849475787, 0.004892295326552725, 0.006047970010510079, 0.007122989035736781, 0.007983463407555137, 0.008493373855482019, 0.008546385566756886, 0.008101609656706178, 0.0072070195526281865, 0.005995477999417915, 0.004650650046817385, 0.0033560828016598074, 0.002249343084861187, 0.0013987330899694487, 0.0008068071046661315, 0.0004321566500285306, 0.00021580881884001397, 0.00010156986214113133, 4.6319380236369e-05, 2.1813079498676162e-05, 1.1834193401748757e-05, 8.100780485815036e-06, 6.816552900633285e-06, 6.41017284099076e-06, 6.291819550267107e-06, 6.260083157808096e-06, 6.25224506616909e-06, 6.2504616030595145e-06, 6.25008764131706e-06, 6.250015365444128e-06, 6.2500024875616e-06, 6.250000371871116e-06, 6.250000051333273e-06], [9.52781086294651e-05, 0.00018406433882926212, 0.0003376162004201854, 0.0005838133208072838, 0.0009506028192561268, 0.0014597659208448108, 0.0021201309893632806, 0.002921532512846327, 0.0038299489612356385, 0.004783820086588293, 0.005692903433533784, 0.006443663049678742, 0.006916008015474507, 0.007011999127626807, 0.006688622633627006, 0.00597976541092948, 0.004993951626513389, 0.003885454612776726, 0.0028104255638582306, 0.0018871022913549756, 0.0011753112622608709, 0.0006789792879328374, 0.000364395379673725, 0.00018255753080061095, 8.64753193139491e-05, 3.9983532209834315e-05, 1.935493511113735e-05, 1.095291390504687e-05, 7.808876724557064e-06, 6.727238024261786e-06, 6.384931023888205e-06, 6.2852308966803e-06, 6.258494877120073e-06, 6.25189148099249e-06, 6.2503889115877126e-06, 6.250073841117369e-06, 6.250012946130243e-06, 6.2500020959114066e-06, 6.250000313324809e-06, 6.250000043251763e-06], [6.803273965092585e-05, 0.00012989695161256132, 0.0002373136369102319, 0.0004105002547934124, 0.0006704861863700408, 0.0010350359656975045, 0.001513909284443806, 0.0021040592853036493, 0.0027848824689780944, 0.0035137087427416468, 0.004223202886649324, 0.0048245466004475405, 0.005220634647151623, 0.0053296816142741925, 0.005112489472852451, 0.0045910479061472415, 0.0038474993029693743, 0.0030015512269585256, 0.0021756960940421495, 0.0014634836270583178, 0.0009129843964983281, 0.0005284417268060809, 0.0002844170141392866, 0.00014324574161568023, 6.86074547024729e-05, 3.247667197270603e-05, 1.6440463138168765e-05, 9.907497157282654e-06, 7.462472918305509e-06, 6.621216938379095e-06, 6.354961247120845e-06, 6.2774068603279704e-06, 6.25660855690222e-06, 6.251471506213109e-06, 6.250302565262654e-06, 6.250057447694495e-06, 6.250010072077082e-06, 6.250001630630738e-06, 6.2500002437700195e-06, 6.250000033650499e-06], [4.599685437429431e-05, 8.596939667255494e-05, 0.00015566927201586154, 0.000268707556311925, 0.00043974936711182815, 0.0006820641959188873, 0.0010044556299080517, 0.0014077487254637701, 0.001880777905972409, 0.002396127415077092, 0.002907205194710173, 0.0033499025225584623, 0.0036521816507309526, 0.0037518238960899024, 0.0036171154922608898, 0.003261142081044602, 0.0027414951376606793, 0.0021439754183443078, 0.0015572049753861889, 0.0010493569485655102, 0.0006559107053826771, 0.000380651235880098, 0.0002057923932957645, 0.00010456073754327721, 5.101142880178189e-05, 2.5079942878793398e-05, 1.3567569334799471e-05, 8.876678639625064e-06, 7.120827996496221e-06, 6.516634383173052e-06, 6.32539428538255e-06, 6.2696872308857135e-06, 6.254747270899205e-06, 6.251057081852411e-06, 6.250217356454246e-06, 6.250041269708084e-06, 6.25000723572263e-06, 6.250001171444265e-06, 6.25000017512523e-06, 6.25000002417474e-06], [2.995484819546423e-05, 5.390533925575978e-05, 9.585548206982287e-05, 0.00016431027435210956, 0.0002687440858937035, 0.00041825058811570615, 0.0006196982697684006, 0.0008753640995923948, 0.0011799279329470192, 0.0015170617612696381, 0.0018568806971998141, 0.0021566844583056533, 0.0023673791334939413, 0.002445703352729399, 0.0023685799195463453, 0.0021431330803027664, 0.0018067520142413952, 0.0014162403685254875, 0.001030744293340728, 0.0006960420890750154, 0.00043621194679352985, 0.00025418739725278797, 0.00013845042284395105, 7.140400766053686e-05, 3.5922187959948854e-05, 1.8734547887079754e-05, 1.1102312632536553e-05, 7.991935928793254e-06, 6.827550524254248e-06, 6.426847128353417e-06, 6.300007890032262e-06, 6.263058656426199e-06, 6.253148968295285e-06, 6.250701198202881e-06, 6.250144181898046e-06, 6.25002737626493e-06, 6.2500047998563025e-06, 6.250000777088835e-06, 6.250000116171569e-06, 6.2500000160366845e-06], [1.9356052721071987e-05, 3.2663535455776895e-05, 5.608253951340124e-05, 9.45442790482154e-05, 0.0001537172729200597, 0.00023932644437434317, 0.00035612542470713323, 0.0005064278523470683, 0.0006880835143176346, 0.0008920782720764161, 0.001100649716450883, 0.0012875503876902644, 0.0014220141272726825, 0.0014764856105859193, 0.0014357456619928104, 0.0013033313609502495, 0.0011017121242766143, 0.000865622156879222, 0.0006314807425453797, 0.0004276236020718188, 0.00026908777371121, 0.0001578947297159849, 8.713833657416374e-05, 4.6126593875863835e-05, 2.4414275980793953e-05, 1.3893798501610225e-05, 9.2212256056187e-06, 7.316735173850537e-06, 6.603706063545163e-06, 6.358310755100552e-06, 6.28062865512119e-06, 6.257998339393006e-06, 6.2519287620507595e-06, 6.250429494903786e-06, 6.250088314737203e-06, 6.250016768747601e-06, 6.250002940070387e-06, 6.250000475995136e-06, 6.250000071159603e-06, 6.250000009823125e-06], [1.296748246131031e-05, 1.9823958438161186e-05, 3.1950132464808325e-05, 5.199821798082616e-05, 8.310803724335623e-05, 0.0001285937320474793, 0.0001914127109135279, 0.0002733254836308269, 0.0003736610450329215, 0.00048780650046254947, 0.0006059824329806212, 0.0007132978697036436, 0.0007920098002747653, 0.000826013353395213, 0.0008061675949520039, 0.0007340665283200228, 0.0006222061557706047, 0.0004902028206356246, 0.0003587490060198363, 0.0002440165826518257, 0.00015465236410444727, 9.191015092733853e-05, 5.1957098082052284e-05, 2.8788431344177217e-05, 1.6518416407902337e-05, 1.0571690854548176e-05, 7.93005688906788e-06, 6.853222691460306e-06, 6.450026708004655e-06, 6.311254129581111e-06, 6.2673222969685175e-06, 6.254523637131538e-06, 6.251090873615476e-06, 6.2502429180364715e-06, 6.2500499504572856e-06, 6.250009484411423e-06, 6.250001662915361e-06, 6.250000269225988e-06, 6.2500000402484886e-06, 6.250000005556061e-06]], 'energy_budget': 600.0, 'altitude_range': [5.0, 80.0], 'speed_range': [1.0, 15.0], 'hover_range': [0.5, 30.0], 'max_climb_rate': 4.0, 'start_altitude': 5.0, 'footprint_tan': 0.8390996311772799, 'land_radius': 15.0, 'declare_duration': 1.0, 'triage_weights': {'critical': 3.0, 'serious': 2.0, 'minor': 1.0}, 'triage_decay_tau': {'critical': 300.0, 'serious': 600.0, 'minor': 1200.0}, 'wrong_triage_factor': 0.5, 'match_radius': 5.0, 'lambda_fp': 1.0, 'return_penalty': 0.3, 'max_actions': 1500, 'act_time_limit_s': 0.2, 'episode_decision_time_limit_s': 30.0, 'is_calibration': True}

CALIBRATION TRUTH:
{'survivors': [{'x': 370.3624469846088, 'y': 73.08610232137347, 'triage': 'minor'}, {'x': 302.3261029245541, 'y': 52.17928216522142, 'triage': 'minor'}, {'x': 376.63541051801894, 'y': 33.94610627874064, 'triage': 'minor'}, {'x': 308.9044014761911, 'y': 81.46116599963314, 'triage': 'minor'}, {'x': 352.3893571956171, 'y': 5.0, 'triage': 'serious'}, {'x': 345.84361093609976, 'y': 69.47775189504367, 'triage': 'minor'}, {'x': 362.2510595250353, 'y': 108.13304891551711, 'triage': 'minor'}, {'x': 320.59170765086867, 'y': 160.11623475159783, 'triage': 'minor'}, {'x': 307.2706436062666, 'y': 174.2220684076796, 'triage': 'serious'}], 'wind': [-1.3279717590757103, 0.9721148927622824]}

SURVIVORS:
{'x': 370.3624469846088, 'y': 73.08610232137347, 'triage': 'minor'}
{'x': 302.3261029245541, 'y': 52.17928216522142, 'triage': 'minor'}
{'x': 376.63541051801894, 'y': 33.94610627874064, 'triage': 'minor'}
{'x': 308.9044014761911, 'y': 81.46116599963314, 'triage': 'minor'}
{'x': 352.3893571956171, 'y': 5.0, 'triage': 'serious'}
{'x': 345.84361093609976, 'y': 69.47775189504367, 'triage': 'minor'}
{'x': 362.2510595250353, 'y': 108.13304891551711, 'triage': 'minor'}
{'x': 320.59170765086867, 'y': 160.11623475159783, 'triage': 'minor'}
{'x': 307.2706436062666, 'y': 174.2220684076796, 'triage': 'serious'}

WIND:
[-1.3279717590757103, 0.9721148927622824]

================================================================================
SEED 9002
================================================================================

INFO:
{'arena_size': 400.0, 'grid_size': 40, 'cell_size': 10.0, 'base_xy': [0.0, 0.0], 'prior_map': [[6.256686203230035e-06, 6.266412612844216e-06, 6.288676987867807e-06, 6.33749942016749e-06, 6.440036399119294e-06, 6.646232236216414e-06, 7.043135509070255e-06, 7.77416954793276e-06, 9.061971130871276e-06, 1.1230601283476637e-05, 1.4719237586428097e-05, 2.007586164591269e-05, 2.791779262863838e-05, 3.884854246723153e-05, 5.332926932379147e-05, 7.151802122953505e-05, 9.310773672248796e-05, 0.00011720824504044611, 0.00014232084516004024, 0.00016644124198590473, 0.00018729772599736003, 0.0002026930022771291, 0.0002108817755333452, 0.0002108955911908137, 0.00020273154948486684, 0.0001873537775694141, 0.00016650665813834704, 0.00014238968732477997, 0.00011727777832138482, 9.317719448643609e-05, 7.158654727569955e-05, 5.339470249104691e-05, 3.8907706702014425e-05, 2.7967732445340363e-05, 2.011498040951053e-05, 1.4747673141497668e-05, 1.1249847540954473e-05, 9.074161174599483e-06, 7.781433600803983e-06, 7.0472285478547955e-06], [6.2599670213511315e-06, 6.2744660873780165e-06, 6.3076556345824135e-06, 6.380436566781891e-06, 6.533296553859376e-06, 6.840709224386086e-06, 7.432511249005621e-06, 8.52271964083748e-06, 1.0443769923057503e-05, 1.3679950035691022e-05, 1.8888196217338953e-05, 2.688884281707889e-05, 3.860621582034361e-05, 5.494293883367182e-05, 7.65856094512935e-05, 0.00010376286958253845, 0.00013600408243659375, 0.00017196725154484512, 0.00020940736996664504, 0.00024533506138909607, 0.00027637243101764377, 0.00029925849031498214, 0.0003114056686108259, 0.000311379239132602, 0.00029917739886911403, 0.0002762352276283096, 0.00024514904398150714, 0.000209193831604952, 0.0001717581329097174, 0.0001358311566478625, 0.00010364614259129111, 7.65278139868557e-05, 5.49322843007612e-05, 3.8624250088819555e-05, 2.691828746090008e-05, 1.891733498977229e-05, 1.3703186663515771e-05, 1.0459928489142663e-05, 8.532881756190094e-06, 7.4384149157264025e-06], [6.264263562918321e-06, 6.285013015517791e-06, 6.332511088316447e-06, 6.43667325938519e-06, 6.65546076686478e-06, 7.0955280946919486e-06, 7.942938289149401e-06, 9.504716045975215e-06, 1.2258508673128267e-05, 1.6901549305544423e-05, 2.438174181329159e-05, 3.588497286307333e-05, 5.274812055608467e-05, 7.627315154410216e-05, 0.00010743973585170639, 0.00014655113976764345, 0.0001928894487491513, 0.00024448244707921075, 0.000298079804243062, 0.0003493979773972153, 0.0003936322136537854, 0.00042616562671822527, 0.00044334376560761394, 0.0004431441627583919, 0.000425572906328641, 0.00039267637679573866, 0.0003481563202047905, 0.00029668651032575154, 0.0002431071392055306, 0.00019169083921219093, 0.00014563107722825186, 0.0001068226160964382, 7.591782581750074e-05, 5.257985770263651e-05, 3.582779050312981e-05, 2.4377858098353794e-05, 1.6916040862485093e-05, 1.2274707609653389e-05, 9.516966540377958e-06, 7.950706530097618e-06], [6.2695960442304215e-06, 6.298103334057552e-06, 6.363362760090412e-06, 6.506488232404586e-06, 6.80717235021834e-06, 7.412179332837641e-06, 8.577921196586317e-06, 1.0728507446314032e-05, 1.4526008778862748e-05, 2.0941153348656193e-05, 3.130009830613921e-05, 4.72686860306038e-05, 7.072686465926659e-05, 0.00010349478986853307, 0.0001469094731340036, 0.00020131407942331319, 0.00026558601726956555, 0.0003368570016762682, 0.0004105462755648937, 0.00048075193873354366, 0.0005409628135381894, 0.0005849889490631017, 0.000607958720486852, 0.0006071878980277943, 0.000582711454269422, 0.0005373183236089571, 0.00047605185555230724, 0.0004052932988915973, 0.0003316645299713727, 0.0002610197050718028, 0.00019773860229772513, 0.00014442122773322124, 0.00010196272808080278, 6.989998001072142e-05, 4.688525649357988e-05, 3.115484119190513e-05, 2.0903472290216934e-05, 1.4527006700778897e-05, 1.0738301813689915e-05, 8.58650539157139e-06], [6.275845696301264e-06, 6.313446247989407e-06, 6.399529530603137e-06, 6.588361155690646e-06, 6.98522023985795e-06, 7.784325043937025e-06, 9.326021575527191e-06, 1.2175978575765503e-05, 1.7223433280524626e-05, 2.578381428309431e-05, 3.967155370856655e-05, 6.118394008502205e-05, 9.291889016350266e-05, 0.00013736309113247154, 0.0001962555755989087, 0.0002698478963349585, 0.0003562865375858504, 0.0004513540690877448, 0.0005486933855147452, 0.0006404739749516234, 0.0007183539360218919, 0.0007745877687174054, 0.0008031580219715008, 0.0008007825498203677, 0.000767580285553468, 0.0007071680771604655, 0.0006260819577087349, 0.00053262932215507, 0.0004354677515715468, 0.0003422751625316065, 0.0002588074171606762, 0.00018848518859212738, 0.0001324860593180393, 9.019826745420207e-05, 5.984403067272367e-05, 3.909711387409277e-05, 2.5576536935151902e-05, 1.7166586811298058e-05, 1.2169645612818279e-05, 9.3316303983982e-06], [6.2827257955763226e-06, 6.3303394713378915e-06, 6.439364957544224e-06, 6.6786095078901916e-06, 7.181793119055674e-06, 8.196411973603217e-06, 1.0158669346305988e-05, 1.380016412190331e-05, 2.0285867492643596e-05, 3.136691582816094e-05, 4.9499906664129484e-05, 7.783770323211706e-05, 0.00011995825908770973, 0.00017921983205859256, 0.0002577649771423002, 0.0003554223829842067, 0.0004689366360110299, 0.0005919093611932322, 0.0007155227136593407, 0.0008297487780146023, 0.0009246240008166116, 0.0009913608035539661, 0.0010233335367576266, 0.0010170152734790463, 0.0009727339845380241, 0.0008949193781378161, 0.0007915653430540156, 0.0006729251686850234, 0.000549775500310999, 0.00043173268684489367, 0.0003260342841503248, 0.00023699074548929691, 0.0001660856992367488, 0.00011254225014972864, 7.410880592166725e-05, 4.7839824574824064e-05, 3.0720568426925535e-05, 2.007219693479344e-05, 1.3745250294540683e-05, 1.0151856180409327e-05], [6.289781230893641e-06, 6.347668490253038e-06, 6.480257350840021e-06, 6.771397726884991e-06, 7.38453895806048e-06, 8.623951593679538e-06, 1.1031268164761535e-05, 1.5529060376212717e-05, 2.3617970927705996e-05, 3.761194192689287e-05, 6.084192841573463e-05, 9.766908664061801e-05, 0.00015306755085563742, 0.00023157359995106485, 0.0003356630406453641, 0.00046406672008163403, 0.0006108596914338867, 0.0007659720521278226, 0.0009170204499293561, 0.0010515704363334856, 0.0011588076552899657, 0.0012302586863001525, 0.00126002154951834, 0.0012451711113389077, 0.0011864902275891523, 0.0010890388605959184, 0.0009619234750615453, 0.0008170327921224568, 0.0006670648848135297, 0.0005234809836264597, 0.0003949696067735418, 0.0002867254609370703, 0.00020053595342480198, 0.00013545175415831704, 8.873462067248824e-05, 5.680383437119294e-05, 3.599482727879386e-05, 2.3051379943013954e-05, 1.536075995711462e-05, 1.0992861363300787e-05], [6.296425545002757e-06, 6.363997416892144e-06, 6.518843474028972e-06, 6.859218688719041e-06, 7.577601970699447e-06, 9.035647799104327e-06, 1.188733426994052e-05, 1.7273206709171266e-05, 2.710694560070615e-05, 4.444499143905525e-05, 7.383707672529688e-05, 0.00012138843887309913, 0.00019410461042178374, 0.00029815193973534436, 0.0004361725017138678, 0.0006046465384946185, 0.0007928784172539542, 0.0009847118986830812, 0.0011624969649608925, 0.0013112523498416012, 0.0014208502813762465, 0.0014856463012742258, 0.0015028881436665456, 0.0014717796468499127, 0.0013939726434033831, 0.0012747481573072747, 0.0011235598219732764, 0.0009531769143473586, 0.0007776459964186115, 0.0006099038100287511, 0.00045987982247315025, 0.0003335498104458181, 0.00023296882540638027, 0.00015701949106798111, 0.0001025038761175311, 6.524294234636318e-05, 4.096030319333936e-05, 2.585618754604667e-05, 1.688173913924919e-05, 1.1784672846075628e-05], [6.302015323785864e-06, 6.3777506084439746e-06, 6.551431068533848e-06, 6.9338224845787135e-06, 7.743520060672788e-06, 9.396882448564668e-06, 1.2663829115247287e-05, 1.8930840093541095e-05, 3.061810127482288e-05, 5.17553260123381e-05, 8.85662522882958e-05, 0.00014961794776551069, 0.0002448005830414791, 0.00038250613883435093, 0.0005652744687464158, 0.0007856961742286054, 0.00102535963929911, 0.0012586754101537095, 0.0014604308225827523, 0.001613041785647054, 0.0017093991233579377, 0.0017503942968859858, 0.0017399743236057542, 0.0016816972040749531, 0.001578668677621657, 0.0014357446323098203, 0.0012615213447509318, 0.001068426735167192, 0.0008708855198859307, 0.000682646134470952, 0.0005144762057066911, 0.00037292387986658697, 0.0002602391533190458, 0.00017515401276329694, 0.00011408152628472227, 7.233905755331247e-05, 4.513575266493475e-05, 2.8214860575452924e-05, 1.8160869749212422e-05, 1.2450629351845779e-05], [6.305950514230324e-06, 6.387456785717879e-06, 6.574562282970445e-06, 6.987432355736857e-06, 7.865606291124314e-06, 9.673661100127445e-06, 1.3295495214540508e-05, 2.0385193387855573e-05, 3.395966160459959e-05, 5.926024845635602e-05, 0.00010466874272841715, 0.00018198722672452353, 0.0003049120090736711, 0.0004846919615881555, 0.0007234293788505962, 0.0010079620384734068, 0.001308855178252774, 0.0015873655227911004, 0.001808226889126878, 0.0019513278474788272, 0.002015370467237571, 0.0020121234121750274, 0.001956365091114563, 0.0018585893149159094, 0.0017240168852796, 0.0015562814781879743, 0.0013616399663024352, 0.0011506457246976578, 0.0009368475436411307, 0.0007339164913404595, 0.0005528994519159187, 0.00040061961316292246, 0.0002794186433322206, 0.0001879085645701081, 0.000122225222550953, 7.733113276698333e-05, 4.807365799096389e-05, 2.9874800379084077e-05, 1.9061295873049113e-05, 1.2919561168306864e-05], [6.307779592147599e-06, 6.3920045536678625e-06, 6.585601176505068e-06, 7.014001231824769e-06, 7.930357300482987e-06, 9.836374118645325e-06, 1.3717980997649932e-05, 2.1496859833590055e-05, 3.683133031611215e-05, 6.632401776372601e-05, 0.00012084478334883675, 0.00021597621403062986, 0.0003698751515396917, 0.0005970740582171236, 0.0008989176050915883, 0.0012549996591856886, 0.0016222858409306587, 0.001946045590905166, 0.002179170152240944, 0.0022993199260947167, 0.002313486292415495, 0.002248007892756672, 0.0021319679507086457, 0.0019849515339832213, 0.0018148170676655867, 0.001623230800445276, 0.0014127305514016729, 0.0011905207679629396, 0.0009680115371342504, 0.0007578543919986643, 0.0005707549220646597, 0.00041347040548591496, 0.000288316232468164, 0.00019382776914451374, 0.0001260070794861859, 7.965139510166218e-05, 4.9440603131172346e-05, 3.064811919221908e-05, 1.9481422011946373e-05, 1.3138760926195822e-05], [6.307284350113662e-06, 6.390849087432432e-06, 6.583212758203519e-06, 7.010255664360885e-06, 7.929544669727909e-06, 9.863465374368558e-06, 1.3872766565718005e-05, 2.2105767646375603e-05, 3.880741909916796e-05, 7.187852588887711e-05, 0.0001346165319966043, 0.0002463353338887129, 0.00042960468972831135, 0.0007021521358040664, 0.001064369941625038, 0.0014882695667412802, 0.0019167980178568095, 0.002278934663823867, 0.002515804796136419, 0.0026034724518809935, 0.002558354940585297, 0.00242271490647419, 0.002241121864090335, 0.0020429522263511815, 0.0018388049732746905, 0.0016279561858948053, 0.0014084542452878369, 0.0011832357868017192, 0.0009606736274845435, 0.0007516413058407867, 0.0005659532412372145, 0.00040998035414643456, 0.00028590180835419296, 0.00019223062082807907, 0.00012499525310134964, 7.903730155916534e-05, 4.908362006911369e-05, 3.0449438772327414e-05, 1.937562077191307e-05, 1.3084895663210372e-05], [6.304522554095125e-06, 6.384118442213344e-06, 6.567622380166665e-06, 6.97632652362606e-06, 7.86177814754285e-06, 9.745451048583793e-06, 1.3717858002548602e-05, 2.2059930864177613e-05, 3.941232062868601e-05, 7.461097801685352e-05, 0.0001427608600913455, 0.00026599880166272246, 0.0004702438149254285, 0.0007755927987756301, 0.001181504723127042, 0.001653805363369763, 0.002124217973255948, 0.0025088687111587973, 0.002739902375305782, 0.0027928019434280945, 0.0026924076273161244, 0.0024946305695654524, 0.002257174343552003, 0.002017670731112441, 0.001788933046547872, 0.0015679625629445892, 0.001348560468398837, 0.0011294350601871986, 0.0009156995984698268, 0.0007160817522480714, 0.0005391471008841637, 0.000390641844439733, 0.000272528868840917, 0.0001833608603474795, 0.00011935175729633235, 7.559284114453197e-05, 4.706721942321776e-05, 2.9317462655627548e-05, 1.8766358952463882e-05, 1.2770587641018731e-05], [6.299817133773261e-06, 6.372592005848419e-06, 6.540592597022268e-06, 6.915833343003474e-06, 7.733291594502203e-06, 9.48892468080881e-06, 1.32440609097667e-05, 2.127227010290358e-05, 3.829522280983802e-05, 7.34415949269435e-05, 0.00014247573942053834, 0.0002686329400643283, 0.0004791509998754226, 0.0007949745417242043, 0.0012148740842889915, 0.0017015843664829036, 0.002181522534841025, 0.0025650122500973623, 0.0027805883105654055, 0.0028044643916195, 0.002666723936603277, 0.002431022536285723, 0.002162327428083423, 0.0019027680494781661, 0.0016662302849112477, 0.0014481179844187788, 0.0012392837688560575, 0.0010352689645980258, 0.0008384550625860412, 0.0006555170631613218, 0.0004936617816515154, 0.000357888709225647, 0.000249906844597677, 0.0001683728986496241, 0.0001098269291647911, 6.978772160239824e-05, 4.367474829171154e-05, 2.741699498471566e-05, 1.7746110187722457e-05, 1.2245922324571104e-05], [6.293694672344439e-06, 6.3575557632922455e-06, 6.50511664055822e-06, 6.835361323435055e-06, 7.557557193046257e-06, 9.118692307197652e-06, 1.2489495684218382e-05, 1.9780155111890204e-05, 3.542643622638249e-05, 6.807933658406549e-05, 0.00013276254117649094, 0.00025168773382689764, 0.0004509067389044139, 0.000750354896950281, 0.0011484972564954788, 0.0016089657369184336, 0.0020604074727034434, 0.0024162438280732404, 0.002608051875225541, 0.0026141437908467832, 0.002465409285982722, 0.0022253254791361975, 0.001958312210017779, 0.0017060174899862876, 0.0014819302127672752, 0.0012808762149786794, 0.0010927020342057494, 0.0009114944536224626, 0.0007379446326327511, 0.0005771171025917209, 0.0004349612608960376, 0.00031571874363603365, 0.00022084859952524948, 0.00014917174726419472, 9.766343228646998e-05, 6.240315109537344e-05, 3.937977499874208e-05, 2.5025016741264623e-05, 1.647126781365863e-05, 1.1596196036981342e-05], [6.286789213888847e-06, 6.340570254553096e-06, 6.464893820681286e-06, 6.743382783935797e-06, 7.353414365965768e-06, 8.675701986787534e-06, 1.1541782703556653e-05, 1.7769034462214534e-05, 3.1193772042882266e-05, 5.931890046424705e-05, 0.00011519535470629382, 0.00021813096527435998, 0.00039076424775106374, 0.0006503722781393437, 0.0009954794707497207, 0.0013942265939898065, 0.0017842952090581312, 0.0020902188841650502, 0.002252561208651777, 0.002252849497894291, 0.0021186022842566168, 0.0019057693790104178, 0.0016709970231686216, 0.0014508468800877798, 0.0012570621534190253, 0.0010848754255621997, 0.0009250112018940467, 0.0007718142539906997, 0.0006253979572973034, 0.0004897685160425252, 0.00036982614379357386, 0.000269117860011779, 0.00018888759361736525, 0.00012817173520695215, 8.44525844169343e-05, 5.445148347734032e-05, 3.480428555590811e-05, 2.251080450632531e-05, 1.5153801870533317e-05, 1.0939099723516628e-05], [6.279735606933441e-06, 6.32320860002978e-06, 6.423710333855652e-06, 6.648843526008325e-06, 7.141929254523091e-06, 8.210174413828469e-06, 1.052303679047116e-05, 1.5539360333947845e-05, 2.6329081504144835e-05, 4.887886428543902e-05, 9.357551474999488e-05, 0.00017575044302326718, 0.00031333994051393, 0.000519990100401178, 0.0007944706006645383, 0.0011115142258080737, 0.001421807493215241, 0.001665700522446242, 0.0017962414234816261, 0.0017988131449283363, 0.0016950463754838014, 0.001528938701329399, 0.0013449951525607814, 0.0011718886605338091, 0.0010187804773354474, 0.0008819038694493529, 0.0007540315406301682, 0.0006308645162029317, 0.0005126937826953281, 0.0004028875531994613, 0.00030549874908840293, 0.000223474411138806, 0.00015789799124804415, 0.00010806459223094414, 7.200229361954896e-05, 4.7107132062571424e-05, 3.0686459325754167e-05, 2.0323469078402638e-05, 1.4058252058695886e-05, 1.0425502528866751e-05], [6.273077258076191e-06, 6.306826659682282e-06, 6.384877252563602e-06, 6.5597844096944535e-06, 6.942906584208834e-06, 7.772314351085479e-06, 9.564019692286457e-06, 1.3433882595095034e-05, 2.170971524217851e-05, 3.889200887317565e-05, 7.272668229450511e-05, 0.0001345616927057916, 0.00023757076838722935, 0.0003916583927689756, 0.000595731638506815, 0.0008311040110723203, 0.0010616272532981803, 0.001243778380353324, 0.001343408660163588, 0.0013498952682983287, 0.0012788316307878861, 0.0011618743459986176, 0.0010309269167101001, 0.0009064160267997064, 0.0007947546154658427, 0.0006931891610966989, 0.0005966651529513548, 0.000502408487861087, 0.0004110572383249909, 0.00032549270766812894, 0.0002490468132987295, 0.00018416605324069274, 0.0001318451952824127, 9.168269141896668e-05, 6.227218048399686e-05, 4.1683415905019694e-05, 2.787884736613979e-05, 1.8998967771904586e-05, 1.351078354710232e-05, 1.0247456422958363e-05], [6.267206380959549e-06, 6.292412620639199e-06, 6.350853615988752e-06, 6.482370609161559e-06, 6.772235144384361e-06, 7.404547046675856e-06, 8.780572701843017e-06, 1.176685852998333e-05, 1.8156590513956557e-05, 3.137257443162219e-05, 5.721406783468145e-05, 0.00010402388271338553, 0.00018126424241529708, 0.00029572572194102404, 0.0004459898275915826, 0.0006179295421446607, 0.0007851820329333736, 0.0009166650701556786, 0.0009885449926258212, 0.0009940130526112727, 0.0009447651830118362, 0.0008634901753186753, 0.0007726156710267419, 0.0006861733241881445, 0.0006082284935975611, 0.0005364705982158496, 0.0004671344976587267, 0.000398239778471828, 0.000330361917330291, 0.0002657681274267553, 0.000207109246880134, 0.00015643305170650297, 0.00011474364581112208, 8.200720476263196e-05, 5.7406678579106506e-05, 3.9673503683069405e-05, 2.738714113768387e-05, 1.919200435396989e-05, 1.3923018980376287e-05, 1.0654695064313722e-05], [6.262343372122985e-06, 6.280533878738936e-06, 6.323106755553611e-06, 6.4205012143213865e-06, 6.640702061395748e-06, 7.137687946925892e-06, 8.261117941839959e-06, 1.0784837715307847e-05, 1.631969153362046e-05, 2.791074368117546e-05, 5.060639286156322e-05, 9.14333140398062e-05, 0.0001579549189968984, 0.0002549164195862455, 0.00037973187023258474, 0.0005192681638194847, 0.0006510190623159126, 0.000749908122087778, 0.0007981228300628201, 0.0007924620737359377, 0.0007446137834452972, 0.0006743554798775938, 0.0006002379420611894, 0.0005332154902008648, 0.0004757216794725567, 0.0004248444857650348, 0.00037646894661835773, 0.0003280087585502498, 0.0002791339303346705, 0.0002311610881786538, 0.00018604038637328138, 0.00014553999828495796, 0.00011081606266239485, 8.231178034665628e-05, 5.985590752274567e-05, 4.284609046269781e-05, 3.0441813172555515e-05, 2.172695232757505e-05, 1.5826483812569686e-05, 1.197684418057184e-05], [6.258550276744545e-06, 6.271367065500681e-06, 6.302168662157118e-06, 6.3758755468317654e-06, 6.553904196148049e-06, 6.989968805775562e-06, 8.062324975832626e-06, 1.0651941742694457e-05, 1.6635766512846975e-05, 2.956624794506573e-05, 5.523834533810768e-05, 0.00010144938505834454, 0.0001760559396551242, 0.0002829659872530791, 0.000417230133331832, 0.0005621730441705283, 0.0006918022017586737, 0.0007792389582935721, 0.0008076501148560451, 0.000777460855954385, 0.0007053297762481523, 0.0006156349762703769, 0.0005298869491910719, 0.00045993865345329057, 0.0004073613824105597, 0.00036725880987470536, 0.00033306277373551497, 0.0002997803439582808, 0.0002650722382103871, 0.00022884481219260155, 0.0001923061261340049, 0.00015710321993334242, 0.00012475499806530437, 9.636445026859926e-05, 7.25261911336009e-05, 5.3353670854392046e-05, 3.857321006284563e-05, 2.764803067524007e-05, 1.990488397438402e-05, 1.4643399702912131e-05], [6.255765686753377e-06, 6.264776564673193e-06, 6.287788570015856e-06, 6.348207585844988e-06, 6.512247448936847e-06, 6.965571333552721e-06, 8.202152225653776e-06, 1.142693487129091e-05, 1.926676141180988e-05, 3.672760670020993e-05, 7.19326198174482e-05, 0.00013561974434375028, 0.00023816248091204168, 0.00038376100769306747, 0.0005636908325531224, 0.0007528930840310666, 0.0009142729121459383, 0.001011235927645477, 0.0010230122501027445, 0.0009539763223801273, 0.0008310834615513919, 0.0006910803974503316, 0.0005653720116602102, 0.00047063574423201034, 0.0004082047265284589, 0.00036963239712336864, 0.00034361676397611554, 0.0003208139764271026, 0.000295678254900229, 0.0002662100903918956, 0.00023285374231976974, 0.0001973582888131893, 0.00016190877457737728, 0.00012855180043801434, 9.88597310350923e-05, 7.378166707601319e-05, 5.364066933368983e-05, 3.823589422817168e-05, 2.700319607266487e-05, 1.9188518712970055e-05], [6.253847036726904e-06, 6.260406226436722e-06, 6.279093102487306e-06, 6.335357300937701e-06, 6.510383617775666e-06, 7.050686672060313e-06, 8.64398239530106e-06, 1.3012507146680262e-05, 2.3961499716589844e-05, 4.8781951068398094e-05, 9.930247433531719e-05, 0.00019106985765247246, 0.00033885620620059323, 0.0005480553826930871, 0.0008048686064469628, 0.001071645814914057, 0.0012936975907058001, 0.0014180840956508935, 0.0014161094144145112, 0.001296571471818412, 0.0011013687116508885, 0.0008862122078525383, 0.0006981766884130825, 0.0005619188116041645, 0.0004788653151530851, 0.0004355014384457326, 0.00041369304747718817, 0.00039797366761396084, 0.0003785102224249441, 0.0003509803061454555, 0.00031511844219407, 0.0002730936375183393, 0.00022817536757287077, 0.00018375981604196298, 0.000142720946171688, 0.00010705089601357577, 7.775532236550308e-05, 5.4950529295717126e-05, 3.808788250868533e-05, 2.6224784368034873e-05], [6.252610264779166e-06, 6.2577652457826555e-06, 6.2747350418384345e-06, 6.3334430828158465e-06, 6.536617588140826e-06, 7.209494480856016e-06, 9.280342737804732e-06, 1.510246606463991e-05, 2.9908753997750248e-05, 6.375557488454757e-05, 0.0001329700030523582, 0.00025898343448607696, 0.0004620572664551947, 0.0007493265626905943, 0.0011012371392522613, 0.00146524035279959, 0.0017654671603752298, 0.0019289694207183883, 0.0019169325565147866, 0.0017428622301082883, 0.0014661788345358892, 0.0011651680673809978, 0.0009056547557220294, 0.0007218196060854632, 0.0006150979718854458, 0.0005657708555159191, 0.0005474394258642176, 0.0005373385189669577, 0.0005206683341283292, 0.0004906032294396919, 0.0004463725370027516, 0.00039100907499209413, 0.00032941290378098875, 0.0002668646553727324, 0.00020798071532136548, 0.00015609554121903514, 0.00011304284564789614, 7.926468920281791e-05, 5.4135301924487455e-05, 3.6371793799335035e-05], [6.25186273739549e-06, 6.256308553166935e-06, 6.2730813421170434e-06, 6.337263253626714e-06, 6.573816517143892e-06, 7.386066584980988e-06, 9.936835439113976e-06, 1.718989677317847e-05, 3.5754509073579695e-05, 7.835096736526566e-05, 0.00016564482591602316, 0.0003247630779516172, 0.000581331240837678, 0.0009443145203465019, 0.0013888494687019338, 0.001848318053181077, 0.00222670821142396, 0.00243195921138873, 0.0024155320586225987, 0.002195358180110756, 0.0018475256812708818, 0.0014717712698205528, 0.0011515948556787862, 0.000929858334581074, 0.0008074164853575996, 0.0007579447141137926, 0.0007465071157102264, 0.0007428918175939618, 0.0007273468176830786, 0.0006907600187087687, 0.0006322791446434461, 0.0005563869058206831, 0.0004702792614703132, 0.0003817675420405214, 0.00029775067470705244, 0.00022328299036808728, 0.00016122330332730373, 0.0001123728711966919, 7.59388179600057e-05, 5.013377079756354e-05], [6.251429219256076e-06, 6.255518612988475e-06, 6.272492557147115e-06, 6.341300574509998e-06, 6.603022564200853e-06, 7.51681400523026e-06, 1.041210203992064e-05, 1.868493888251364e-05, 3.991802897535377e-05, 8.871603188950588e-05, 0.0001888181929514999, 0.00037140278859227417, 0.0006659539144040389, 0.0010828703341447593, 0.0015937769263686052, 0.002122461093558742, 0.0025591059440065837, 0.00279859591572628, 0.0027859123890190012, 0.0025423627766705, 0.0021558403699581253, 0.0017409782710210689, 0.0013931663453791835, 0.001160450857390473, 0.0010420281122036636, 0.0010054925258519375, 0.0010085027708690464, 0.0010144907870264044, 0.0009996014838230558, 0.0009531196861983417, 0.000874767352948504, 0.0007711810070180917, 0.0006525922254506703, 0.0005300496966052384, 0.0004133277644262227, 0.0003096211309817161, 0.00022304109258171998, 0.00015479869659657496, 0.00010384975735658736, 6.773581547614477e-05], [6.2511707529753595e-06, 6.254984168616228e-06, 6.271663687688691e-06, 6.3411597910878796e-06, 6.609134722670963e-06, 7.551119949292233e-06, 1.0546021912400697e-05, 1.9119064463155338e-05, 4.1145204279654526e-05, 9.179822240060667e-05, 0.0001957552158543203, 0.0003854567220549329, 0.0006916578502300463, 0.0011254192340763856, 0.0016577191125685049, 0.0022100851976114503, 0.0026693763038222614, 0.0029274928572012803, 0.002928369966261409, 0.002694997788635688, 0.002319050468693093, 0.0019192567998729494, 0.0015934599169573904, 0.0013893752298360282, 0.0013031535775562993, 0.0012976361307877368, 0.001325380005920982, 0.0013455783583330744, 0.0013318072266810708, 0.0012727970455287789, 0.0011696497309246767, 0.001031893981196479, 0.0008735222225968967, 0.0007094996217493004, 0.0005530447428310237, 0.0004138987330766738, 0.00029764892430228154, 0.00020597183463774154, 0.0001374989174422529, 8.89481898664228e-05], [6.250994444886319e-06, 6.254454574909812e-06, 6.269897466631571e-06, 6.334809321720169e-06, 6.5860005662315575e-06, 7.470179466400094e-06, 1.0282606590056826e-05, 1.8334525141771e-05, 3.9023441422701305e-05, 8.660724652784853e-05, 0.00018428908994335783, 0.0003626187730008216, 0.0006506861884318034, 0.0010593079569873995, 0.001561989270386356, 0.0020861940156927574, 0.00252719433836507, 0.0027851953703298426, 0.002809175537118827, 0.0026219014198972123, 0.002309825523597081, 0.0019836814167315457, 0.001733254111050757, 0.0015998777420399945, 0.001575292672547623, 0.00161929427224182, 0.0016821285304516567, 0.001721279075778736, 0.0017095451925322337, 0.0016362525587178753, 0.001504666572840682, 0.001327844607855923, 0.0011241245500249227, 0.0009129218630468725, 0.0007113434663563955, 0.0005319942865469079, 0.0003821136087607511, 0.0002638891890355057, 0.00017557386690095962, 0.00011294597483119278], [6.250851982786243e-06, 6.253845987817997e-06, 6.267165991427954e-06, 6.3229223660118645e-06, 6.5379307153660515e-06, 7.292809014301045e-06, 9.689734764923575e-06, 1.6544306437755202e-05, 3.414526847049305e-05, 7.461693330388244e-05, 0.00015771057805027047, 0.0003094976312011627, 0.0005549874412595418, 0.0009039916212932244, 0.0013351110982665986, 0.0017884162344363424, 0.002177155217435008, 0.0024190319372388333, 0.002473012692105481, 0.0023600548987941037, 0.00215401955619933, 0.0019477807293126626, 0.0018145348107504815, 0.0017843983949592625, 0.0018437361091848232, 0.001950865817534146, 0.0020561701929736123, 0.0021176216271475896, 0.0021087769304847124, 0.002020490557563724, 0.00185875096262881, 0.0016405244983707847, 0.0013887994842297264, 0.0011277021863018394, 0.0008784387366282281, 0.0006566265787710535, 0.0004712384574011106, 0.0003249935647114342, 0.0002157394209841041, 0.0001382590713135419], [6.250727927367034e-06, 6.253195581877327e-06, 6.263920970150699e-06, 6.3080952974559765e-06, 6.4766438502878984e-06, 7.064400947430019e-06, 8.922672738903578e-06, 1.4222737952394318e-05, 2.781137476285836e-05, 5.9036476132098546e-05, 0.00012315252356631784, 0.0002403832010718814, 0.00043037269394411364, 0.0007015046796755153, 0.0010387932326484952, 0.0013983770216636393, 0.001716450640594632, 0.001932983817016775, 0.0020194614792683483, 0.0019941404167347168, 0.0019143870117987083, 0.0018500511467325399, 0.0018533436355099666, 0.0019407813619575368, 0.0020930690948037225, 0.002268131148711193, 0.0024180290707526927, 0.0025025855383256795, 0.0024970383907426848, 0.002394266357316628, 0.0022031669364376573, 0.0019446162073227151, 0.00164616153597272, 0.0013365175063876228, 0.0010408734039218227, 0.000777770413717556, 0.0005578615431494826, 0.0003843787044814117, 0.00025477271261504304, 0.0001628574771141322], [6.250623219710144e-06, 6.252587911765367e-06, 6.2607608573845225e-06, 6.29340898719887e-06, 6.415501604274311e-06, 6.835813518175533e-06, 8.153906196143194e-06, 1.1894409649174345e-05, 2.145673760153929e-05, 4.340138867045599e-05, 8.846645482659432e-05, 0.00017099719294420102, 0.00030523043890857824, 0.000498070423373457, 0.0007408863738878022, 0.0010058201138904246, 0.0012519331474332538, 0.0014413567147476046, 0.0015579625432991203, 0.0016171660270593933, 0.001659734373994302, 0.0017324866878784047, 0.0018667952530270512, 0.0020659031054415353, 0.0023053397086302673, 0.0025432138810902298, 0.0027338411327077206, 0.0028393611737395274, 0.0028369620282067062, 0.002721566801902638, 0.0025047519205307956, 0.002210871458729963, 0.0018714832268508575, 0.001519323179142437, 0.0011830669454461493, 0.0008838131476246314, 0.0006336836054754737, 0.00043635738754510523, 0.00028893687881198016, 0.00018438692549168536], [6.250541057371936e-06, 6.252090398509281e-06, 6.258135085255753e-06, 6.281140431145552e-06, 6.36432411090911e-06, 6.6443442741092295e-06, 7.509819687027533e-06, 9.943562426203549e-06, 1.613224053023064e-05, 3.03005457937792e-05, 5.9400871284418644e-05, 0.00011284799482474355, 0.0002003348623025921, 0.0003274980040678889, 0.0004909810608824884, 0.0006762572581090411, 0.0008614460662926529, 0.0010271329560063525, 0.0011674610426128244, 0.001295388885581036, 0.0014377541215362167, 0.0016221314952334105, 0.0018625726448157577, 0.0021514272609236577, 0.0024601925247156285, 0.0027474785429492596, 0.0029698286523984602, 0.003091597423929505, 0.003091762193180128, 0.002966964371095235, 0.0027308786832401966, 0.002410504316979481, 0.0020404192444926036, 0.0016563781035752198, 0.001289670704796061, 0.0009633124502200526, 0.0006905256352049267, 0.00047532397369967215, 0.0003145482164492677, 0.0002005264116370212], [6.250479755720946e-06, 6.251723221171543e-06, 6.256211914755532e-06, 6.2721987734968945e-06, 6.327140900668884e-06, 6.505507863689148e-06, 7.043378316550533e-06, 8.531913160072689e-06, 1.228127194642578e-05, 2.0827738103056718e-05, 3.8385902627299204e-05, 7.080032221744074e-05, 0.00012446097934534444, 0.0002040463861951297, 0.0003099358352077649, 0.00043711986103817736, 0.0005773371523742404, 0.0007243384878377374, 0.0008795321996283201, 0.0010539932730156023, 0.0012644680567305423, 0.001524709125527772, 0.0018364625728062478, 0.0021845453751737774, 0.0025379880206216412, 0.002856270370100791, 0.003098040756558084, 0.0032296520581922466, 0.0032315988515316777, 0.003101768752135114, 0.002855135258993572, 0.002520212113373655, 0.0021332593046830208, 0.0017316975096553094, 0.001348255097840929, 0.0010070012246851568, 0.0007217629455103116, 0.0004967378033395896, 0.00032862270242159776, 0.0002093956961401099], [6.250432574729784e-06, 6.2514644011037684e-06, 6.254915983595715e-06, 6.266318111864734e-06, 6.303020258530221e-06, 6.416168994827618e-06, 6.744691679735695e-06, 7.630653146711962e-06, 9.827029971381292e-06, 1.4796498465615262e-05, 2.501034107313438e-05, 4.403150983500667e-05, 7.611593926832268e-05, 0.0001252563896686319, 0.00019406597719640481, 0.00028336757163253143, 0.00039327167768830553, 0.0005255806939067079, 0.0006860311500761888, 0.0008843049056067456, 0.0011306933998467775, 0.0014303252699142633, 0.0017775173083560067, 0.0021529232262480617, 0.00252482529539672, 0.0028541843165427305, 0.0031018909362955293, 0.0032362940851285156, 0.003239261022765814, 0.003109477801228761, 0.0028623436202949207, 0.0025266070406396862, 0.0021386800617333164, 0.0017360982504013313, 0.0013516792646166371, 0.001009555368112924, 0.0007235894755548014, 0.0004979901072231914, 0.00032944588949820576, 0.0002099144914296798], [6.25039120323521e-06, 6.2512729850424934e-06, 6.254052509428896e-06, 6.2626360945391964e-06, 6.288468031073016e-06, 6.3634674300605365e-06, 6.570910885520855e-06, 7.110738092419365e-06, 8.418500488980742e-06, 1.1344766529910783e-05, 1.7363026121029056e-05, 2.871716971624719e-05, 4.839236828357839e-05, 7.9867828847298e-05, 0.0001268035818998941, 0.00019299635254047803, 0.00028286825154634536, 0.0004023003656788377, 0.0005590306007511082, 0.0007616344274430928, 0.0010166628728670028, 0.0013245928760311876, 0.0016761388160515679, 0.00205058347618354, 0.0024170947442616266, 0.0027389617793811064, 0.002979798955130035, 0.0031102530363427525, 0.0031136258844908873, 0.002989067936631198, 0.0027515806730815887, 0.002428881412325442, 0.0020560010173567914, 0.0016690297248462022, 0.0012995157606037694, 0.0009706565933698803, 0.0006957779248801782, 0.00047892521889152573, 0.00031691554623711237, 0.00020201841699477854], [6.250349271642202e-06, 6.25111130143137e-06, 6.253424998061257e-06, 6.2602404027837685e-06, 6.27969207897106e-06, 6.333245474552393e-06, 6.474471223336531e-06, 6.8282135853722944e-06, 7.66296869798097e-06, 9.506516347710892e-06, 1.3300906267559737e-05, 2.0569565605605482e-05, 3.3553754489689735e-05, 5.529451374335388e-05, 8.969445515340508e-05, 0.00014163874368456472, 0.00021719305073313389, 0.00032369048723186343, 0.00046928782745643793, 0.0006615511765211256, 0.0009049771427355816, 0.0011979518710675129, 0.00153015481582243, 0.001881514727638916, 0.0022234577863485057, 0.0025225267008869377, 0.0027457449750477076, 0.0028665541794696114, 0.0028699025524661446, 0.002755197807143624, 0.002536357368624251, 0.0022389642084276982, 0.001895317179445421, 0.0015386819427310658, 0.0011981349626577556, 0.0008950556027464747, 0.0006417250585789584, 0.00044187170914709075, 0.0002925621619042796, 0.00018667194233456803], [6.250303979880885e-06, 6.250956396656849e-06, 6.252898263138195e-06, 6.258467263753851e-06, 6.2738527158911395e-06, 6.314730773843669e-06, 6.418843980170619e-06, 6.671911618547232e-06, 7.256167781934726e-06, 8.531960079787598e-06, 1.1159540831631937e-05, 1.6259636742445833e-05, 2.5601614509701196e-05, 4.180412906612741e-05, 6.853478173325904e-05, 0.00011068393362957404, 0.000174435134697496, 0.0002670599287085989, 0.00039619026656184165, 0.0005683721679040183, 0.0007869411189861462, 0.001049621124679519, 0.0013465630509066156, 0.0016596266686344867, 0.001963497873236242, 0.002228768633498226, 0.0024265307117039983, 0.002533520913083689, 0.0025365788458535537, 0.002435260084573865, 0.0022419004131396243, 0.0019791213972806085, 0.0016754688172263194, 0.0013603388033010617, 0.001059424482193606, 0.0007916172593977904, 0.0005677691008609974, 0.00039117449697038324, 0.0002592414489420546, 0.0001656746264353671], [6.250255808132332e-06, 6.250800757985037e-06, 6.252407780118066e-06, 6.256957330789674e-06, 6.269321715791483e-06, 6.301558031159922e-06, 6.382074588213514e-06, 6.574347346721499e-06, 7.0123088884985685e-06, 7.961828032086044e-06, 9.918255036469119e-06, 1.3747256343003947e-05, 2.086936034021558e-05, 3.3477628626214334e-05, 5.476074314033056e-05, 8.907513999685669e-05, 0.00014196582569386476, 0.00021988767642823294, 0.00032946429514917736, 0.0004761895723265105, 0.0006626521704145948, 0.0008866078290326975, 0.0011394410556699055, 0.0014056329340397082, 0.0016637129642104206, 0.0018888245294953767, 0.0020565623077471694, 0.0021472937476018556, 0.0021499213118751077, 0.0020640978339500336, 0.0019002883258972267, 0.0016776636693481564, 0.0014204099853340588, 0.0011534323445241005, 0.0008984981383572061, 0.0006716121988999318, 0.0004819683146962133, 0.0003323575799026616, 0.0002205840591553009, 0.00014131435775273864], [6.250207211561791e-06, 6.2506472634038636e-06, 6.251939870534062e-06, 6.255579055173587e-06, 6.265398395741406e-06, 6.290782611333033e-06, 6.353614936511412e-06, 6.502398930251952e-06, 6.839088257341565e-06, 7.566468185026133e-06, 9.065505670272084e-06, 1.2011350671454855e-05, 1.7531638281124717e-05, 2.739923474289442e-05, 4.4231473105269774e-05, 7.163828893364614e-05, 0.00011422614393925116, 0.00017733659716454283, 0.00026640260268585814, 0.0003858693835072585, 0.0005377603895826588, 0.0007201470303061523, 0.0009259404512868, 0.0011424846677122887, 0.0013523315055158506, 0.0015353098136641086, 0.0016716243325113702, 0.0017453533756451457, 0.0017475000156642426, 0.0016777920663121654, 0.001544734754907705, 0.0013639021425140558, 0.0011549408055131095, 0.0009380808172060903, 0.0007310034166889346, 0.0005467089936538736, 0.0003926654644630351, 0.00027113997508749804, 0.0001803488167670016, 0.00011595979150878404], [6.250161202364607e-06, 6.250503131700323e-06, 6.251505979054719e-06, 6.254323234712071e-06, 6.261903177461806e-06, 6.281431658963222e-06, 6.329592915680179e-06, 6.443242622695503e-06, 6.699726963681847e-06, 7.253014594496585e-06, 8.393370414068263e-06, 1.0638179189707145e-05, 1.485775539090691e-05, 2.2430243137377873e-05, 3.540219858304474e-05, 5.660645678859223e-05, 8.966128453474293e-05, 0.00013875624655743427, 0.00020813836223130403, 0.0003012643423339699, 0.00041968621805943147, 0.0005618702614942039, 0.0007222684428065514, 0.0008910092047803176, 0.001054501519924861, 0.0011970419791519, 0.0013032227159611276, 0.0013606516138048932, 0.0013623271153037223, 0.0013080401911968083, 0.0012044161029747687, 0.0010635844670246017, 0.0009008461832816817, 0.0007319564296945756, 0.0005706853113213051, 0.0004271574898032407, 0.00030718895274484804, 0.0002125453457454756, 0.00014183752323752147, 9.169158541688307e-05]], 'energy_budget': 600.0, 'altitude_range': [5.0, 80.0], 'speed_range': [1.0, 15.0], 'hover_range': [0.5, 30.0], 'max_climb_rate': 4.0, 'start_altitude': 5.0, 'footprint_tan': 0.8390996311772799, 'land_radius': 15.0, 'declare_duration': 1.0, 'triage_weights': {'critical': 3.0, 'serious': 2.0, 'minor': 1.0}, 'triage_decay_tau': {'critical': 300.0, 'serious': 600.0, 'minor': 1200.0}, 'wrong_triage_factor': 0.5, 'match_radius': 5.0, 'lambda_fp': 1.0, 'return_penalty': 0.3, 'max_actions': 1500, 'act_time_limit_s': 0.2, 'episode_decision_time_limit_s': 30.0, 'is_calibration': True}

CALIBRATION TRUTH:
{'survivors': [{'x': 5.0, 'y': 11.944248261621526, 'triage': 'serious'}, {'x': 302.22023329107014, 'y': 164.5656059829723, 'triage': 'critical'}, {'x': 287.2889457991478, 'y': 219.6668292819949, 'triage': 'critical'}, {'x': 154.08371835408528, 'y': 168.4079172431804, 'triage': 'serious'}, {'x': 305.17927768920265, 'y': 176.7779509192366, 'triage': 'serious'}, {'x': 262.84241523369656, 'y': 206.5236027920563, 'triage': 'serious'}, {'x': 277.4490171876307, 'y': 292.20205286603715, 'triage': 'serious'}, {'x': 291.0429520240941, 'y': 263.46826827522347, 'triage': 'critical'}, {'x': 367.5664010610093, 'y': 170.1282296955159, 'triage': 'serious'}, {'x': 364.3910647787829, 'y': 291.89786404629865, 'triage': 'minor'}, {'x': 86.00521996972111, 'y': 191.4924133005236, 'triage': 'critical'}, {'x': 86.05663066357438, 'y': 246.45970502657445, 'triage': 'serious'}], 'wind': [-0.3507351716529695, 3.5331927041257143]}

SURVIVORS:
{'x': 5.0, 'y': 11.944248261621526, 'triage': 'serious'}
{'x': 302.22023329107014, 'y': 164.5656059829723, 'triage': 'critical'}
{'x': 287.2889457991478, 'y': 219.6668292819949, 'triage': 'critical'}
{'x': 154.08371835408528, 'y': 168.4079172431804, 'triage': 'serious'}
{'x': 305.17927768920265, 'y': 176.7779509192366, 'triage': 'serious'}
{'x': 262.84241523369656, 'y': 206.5236027920563, 'triage': 'serious'}
{'x': 277.4490171876307, 'y': 292.20205286603715, 'triage': 'serious'}
{'x': 291.0429520240941, 'y': 263.46826827522347, 'triage': 'critical'}
{'x': 367.5664010610093, 'y': 170.1282296955159, 'triage': 'serious'}
{'x': 364.3910647787829, 'y': 291.89786404629865, 'triage': 'minor'}
{'x': 86.00521996972111, 'y': 191.4924133005236, 'triage': 'critical'}
{'x': 86.05663066357438, 'y': 246.45970502657445, 'triage': 'serious'}

WIND:
[-0.3507351716529695, 3.5331927041257143]

================================================================================
SEED 9003
================================================================================

INFO:
{'arena_size': 400.0, 'grid_size': 40, 'cell_size': 10.0, 'base_xy': [0.0, 0.0], 'prior_map': [[9.33923049739376e-06, 1.1818724850318608e-05, 1.6124675702074083e-05, 2.3481717325361966e-05, 3.578258919402234e-05, 5.5736550212311005e-05, 8.681422242821591e-05, 0.00013278945459547367, 0.00019674776226702502, 0.0002796724172315291, 0.00037907819127424783, 0.0004884254930635081, 0.0005979391399398702, 0.0006968709506237924, 0.0007764352273600912, 0.0008321354477712443, 0.0008644099158939057, 0.0008773935003459831, 0.0008765702116580314, 0.0008665468698248733, 0.0008498842300646472, 0.0008271820661922869, 0.000797962073128265, 0.0007616736255337787, 0.0007183429537917158, 0.0006687404290550125, 0.0006142060132898083, 0.0005563548608683113, 0.000496828447536591, 0.0004371548763151849, 0.000378703546537404, 0.00032268658153114635, 0.0002701632254746785, 0.0002220246057999856, 0.0001789585906922931, 0.00014140890632045262, 0.00010954670687722926, 8.32683021649904e-05, 6.222377525960833e-05, 4.587200854947655e-05], [1.0237398849449027e-05, 1.3501341056331827e-05, 1.9259048162805473e-05, 2.9272573397414785e-05, 4.632061834036002e-05, 7.444046065483646e-05, 0.00011885113798139542, 0.0001852373444264541, 0.00027818391512061307, 0.0003989407167533574, 0.0005432776848805818, 0.0007006124244763199, 0.0008554114533061112, 0.0009909109233787957, 0.001093884920820562, 0.0011583645327302228, 0.0011865636848874378, 0.001186697546915624, 0.001168983235677351, 0.0011418597062598382, 0.0011099816777905827, 0.001074326033194938, 0.0010336701709562687, 0.0009863294445719597, 0.0009313477885330197, 0.0008689081479900835, 0.0008001649891780955, 0.0007268439997791314, 0.0006508738614882936, 0.00057416011711557, 0.0004984901438584225, 0.0004255063921005856, 0.000356688246065588, 0.00029331175777626864, 0.00023638705801487403, 0.00018659262538561595, 0.0001442305965777717, 0.00010922081941484284, 8.11390295252268e-05, 5.9292123860955686e-05], [1.1243150580852965e-05, 1.5407154752879514e-05, 2.2858586498795676e-05, 3.6023068660712055e-05, 5.878572512424402e-05, 9.685499306540357e-05, 0.00015765967632517662, 0.00024930155605055413, 0.0003782499957846428, 0.0005460477457322926, 0.0007461642339530356, 0.0009627628428979146, 0.0011728717000885319, 0.001352009613468974, 0.0014813399995094758, 0.0015531925542857934, 0.0015723338956570095, 0.0015525305000224183, 0.0015103690102773336, 0.0014594269899715704, 0.0014071595256818423, 0.001355028069375663, 0.0013007610132469702, 0.001241060588148874, 0.0011735209278421934, 0.0010973783972675322, 0.0010133732483167189, 0.0009232252578248585, 0.0008291168929030588, 0.000733355235053621, 0.0006382086372801018, 0.0005458377853828828, 0.0004582428759885573, 0.00037718675994791786, 0.00030409426290127603, 0.00023995301960426648, 0.00018524709847434376, 0.00013994564160716528, 0.0001035523280920739, 7.52052433530528e-05], [1.2306580643107297e-05, 1.7437435825231775e-05, 2.67274112172711e-05, 4.3347013418644014e-05, 7.243131344544371e-05, 0.00012158469698836971, 0.00020074908221452527, 0.0003207767604548926, 0.0004902750025795219, 0.000711094812464998, 0.0009740346379250601, 0.0012571993382391664, 0.0015290667643739118, 0.0017563184589866434, 0.0019137485221071165, 0.0019918606159506935, 0.0019985237253233117, 0.001954066956017928, 0.0018825616117485802, 0.0018036074714722467, 0.0017279284778834447, 0.0016575236036741495, 0.0015888355185220211, 0.0015165890585600848, 0.0014365659581055251, 0.0013467656678569965, 0.0012473169202461907, 0.0011398222915491303, 0.00102667665210895, 0.0009106013764351224, 0.0007943992740457724, 0.0006808312537633648, 0.0005725165708569557, 0.00047180705900829785, 0.00038063696395466994, 0.00030038123474641925, 0.00023176172128956755, 0.00017482843983005543, 0.0001290218167652247, 9.330120927763037e-05], [1.3355454792389194e-05, 1.944278387423995e-05, 3.055508138817627e-05, 5.060561760756886e-05, 8.597727116381542e-05, 0.0001461686394674874, 0.00024363385277156914, 0.0003919758723767834, 0.0006019409712095536, 0.0008756901005995911, 0.0012013530618961597, 0.0015509804237987539, 0.0018845088729025296, 0.0021598008412184204, 0.0023453118318993854, 0.00242976318786056, 0.0024241785573427634, 0.0023555014182370677, 0.0022553272264578157, 0.0021492941935057574, 0.002051380610644612, 0.0019640754577559113, 0.0018824582358918653, 0.0017991766739809917, 0.0017080891664325896, 0.0016058490193451259, 0.0014918790478360103, 0.001367596478257699, 0.0012355745965250268, 0.0010989523567996814, 0.0009611054508558099, 0.0008254617346134015, 0.0006953444003793139, 0.0005737857665643999, 0.00046331669022242806, 0.0003657736089755847, 0.0002821718252054254, 0.0002126773823002689, 0.00015668313895769912, 0.000112969202699248], [1.4302995216590051e-05, 2.12407179439916e-05, 3.3956219560530664e-05, 5.6994623017067424e-05, 9.779364328270133e-05, 0.00016744671716198631, 0.0002805188689152993, 0.0004529250794201024, 0.000697220099495785, 0.001015860772181956, 0.0013948063172801006, 0.0018011290718002195, 0.002187717242710621, 0.002505134977587576, 0.00271656598656026, 0.002809201560287265, 0.002796595261076239, 0.0027110662689105417, 0.002590331889022327, 0.0024649247756324865, 0.0023514200747861867, 0.002252621722175851, 0.002162392894268191, 0.0020715738150022893, 0.0019723435162905855, 0.0018601611866691638, 0.0017338043364341302, 0.0015945081070119333, 0.0014450088974039253, 0.001288857338791165, 0.0011300188325239885, 0.0009726290714913285, 0.0008207741301958639, 0.0006782347453158895, 0.0005482062608732981, 0.000433047228364589, 0.00033411524040961226, 0.00025172757537787445, 0.0001852514992645191, 0.0001332985443629981], [1.5061698774385833e-05, 2.2648409551645755e-05, 3.654711443745333e-05, 6.171755197058953e-05, 0.00010627311805777222, 0.0001823126288390449, 0.000305720611848702, 0.000493857895426356, 0.0007604335963481615, 0.0011081694023535775, 0.0015218316465135475, 0.0019656296475442665, 0.0023883351277578717, 0.0027361931435283793, 0.002969188211887044, 0.003073436326326229, 0.003063738676126845, 0.002975298176715136, 0.002849151720831377, 0.0027184573051117866, 0.002601109251606072, 0.002499935227706039, 0.0024079577257706216, 0.0023148508216781095, 0.0022117162240697865, 0.0020932365091058548, 0.0019577636226465215, 0.0018064276835192774, 0.0016421309232604235, 0.001468816197280818, 0.0012910258489814543, 0.0011136075180711463, 0.000941430420934751, 0.0007790548956944267, 0.0006303770817800201, 0.000498314514120642, 0.0003846016285559262, 0.00028973775162881386, 0.00021309119639230525, 0.00015312749755236766], [1.555962074414234e-05, 2.352123702707981e-05, 3.80359115573866e-05, 6.418963006099013e-05, 0.0001102693797275132, 0.00018859989203444223, 0.0003153393964641284, 0.0005081496850476131, 0.0007810275446199808, 0.0011369116124409651, 0.0015606537246836154, 0.0020163747845867806, 0.00245257985027408, 0.002815108548545972, 0.003063469506469632, 0.0031833003705267976, 0.0031889629016723063, 0.003115266178301115, 0.003002883231983848, 0.0028846211330079714, 0.00277803137879586, 0.002685613933237748, 0.002600088883347768, 0.0025108603233267644, 0.002408798753390962, 0.0022884078467963133, 0.002147939553892139, 0.0019885404096001463, 0.0018132833400952883, 0.0016264601057828074, 0.0014331382936588707, 0.0012388346199942695, 0.0010491718154688617, 0.0008694727607725925, 0.0007043283254838351, 0.0005572188946148589, 0.00043026890448837854, 0.00032418138741458933, 0.00023835447830428455, 0.00017114153575290185], [1.575384834344772e-05, 2.3783324094759885e-05, 3.829159218401927e-05, 6.418977229241806e-05, 0.00010941796299904425, 0.00018572242823514982, 0.00030845846412321025, 0.0004944105960134463, 0.0007569677829499234, 0.0010992235385537698, 0.0015074042048098257, 0.0019483577128508042, 0.002374239474507348, 0.0027344764251389098, 0.0029908944327347816, 0.0031292908434521834, 0.0031619042232921553, 0.0031198435721318846, 0.003039692421259916, 0.0029508978456650177, 0.002869000724150216, 0.0027958487154231184, 0.002724450038495364, 0.0026448972867108146, 0.0025487317920525193, 0.0024309138509988376, 0.0022899359243329386, 0.002127075399909675, 0.0019455556358763779, 0.0017499350274587909, 0.0015457057479012714, 0.0013389553224570278, 0.0011359724181469, 0.0009427692854378686, 0.0007645756821656591, 0.0006053991349358291, 0.00046774036873102734, 0.00035251435868300323, 0.0002591768717048267, 0.00018601206833674655], [1.563673926698205e-05, 2.3438816079996953e-05, 3.736404015705756e-05, 6.189575472598942e-05, 0.00010419683910813542, 0.00017477665669045974, 0.00028731121226685617, 0.00045675001706950126, 0.0006951412331270707, 0.0010056636830044078, 0.0013769257668562488, 0.0017807312396231486, 0.002176005019358939, 0.0025189613738121025, 0.0027760109452532166, 0.0029336780385824423, 0.003000797678637466, 0.003002193270550143, 0.0029674213816762085, 0.0029201932409975997, 0.0028727396559006858, 0.0028260482110556103, 0.002773958455751302, 0.0027080952904711283, 0.002621455930125191, 0.0025099989979014995, 0.002372726690003377, 0.0022111030533122126, 0.0020284267008358055, 0.0018293841885251702, 0.0016197324335062795, 0.0014059698588394706, 0.0011949015125827284, 0.000993096824490864, 0.0008063163474950401, 0.0006390170053857735, 0.0004940325677859728, 0.00037248183020864356, 0.00027390185256539584, 0.00019655640522028828], [1.5233600420135045e-05, 2.2561378097434356e-05, 3.545043373064564e-05, 5.779361610270895e-05, 9.57101556352454e-05, 0.00015807522189030047, 0.00025636474257916415, 0.00040312690181131, 0.0006086297370754689, 0.0008760721076254939, 0.0011969887925212261, 0.0015493820073713028, 0.0019007126763118172, 0.0022158269675597708, 0.00246707096815207, 0.002642101922402686, 0.002745699758963908, 0.0027949748680309054, 0.0028107916673221116, 0.002809768757326205, 0.002800114682858671, 0.0027819303610932718, 0.002750350445495683, 0.002699193436974952, 0.0026235146018065056, 0.0025206674075681458, 0.002390323310210264, 0.0022341002113831516, 0.0020552181622320418, 0.0018582797855645264, 0.0016490769840120942, 0.001434292910743306, 0.0012210373943784348, 0.001016248306849526, 0.0008260598033984403, 0.0006552608694319906, 0.0005069464494570434, 0.0003824137229474685, 0.0002812978222192014, 0.00020189261887344529], [1.4593981510023246e-05, 2.1268960197991403e-05, 3.2827867058978756e-05, 5.251182754974592e-05, 8.531191537757945e-05, 0.00013835946012961774, 0.00022079994086250716, 0.0003426444756488873, 0.0005122695973829609, 0.0007328497371958963, 0.000998913783215878, 0.0012948712105738207, 0.001597058657528632, 0.0018793610226519287, 0.0021204228725604777, 0.002309229677904847, 0.0024464507220321196, 0.002541184846397017, 0.002605177536185305, 0.0026475845749490408, 0.002672454217491036, 0.002679178572662813, 0.0026646340918328034, 0.002625397800143517, 0.0025590871343588732, 0.002464763526582625, 0.0023428471989296873, 0.0021949904926963017, 0.0020240888540698416, 0.0018343585647442075, 0.0016313152166212872, 0.0014215305952828968, 0.0012121489358574954, 0.001010238678838337, 0.0008221098308770074, 0.0006527338212509843, 0.0005053708970090449, 0.0003814552233210671, 0.00028072809308773956, 0.00020156126728425178], [1.378063339966144e-05, 1.969554716976013e-05, 2.978345676102113e-05, 4.665710890593875e-05, 7.424398866824004e-05, 0.00011805546613421904, 0.0001850921147091616, 0.0002830421714621528, 0.0004185527792535819, 0.0005947685640345469, 0.0008089381935660804, 0.0010513174163730291, 0.0013063845232205529, 0.0015563781760863627, 0.0017858341231171545, 0.001985044293206236, 0.002150856535007603, 0.0022847597903284866, 0.0023897149272047464, 0.0024676413059683726, 0.0025186506251060744, 0.002541792214366685, 0.0025362480702289707, 0.002502028124858908, 0.002439919849987855, 0.0023510719876208303, 0.0022367363961301088, 0.00209842259723904, 0.0019383600964929081, 0.0017599726599163241, 0.0015680966142375065, 0.0013688249199429875, 0.0011690138501104853, 0.0009755871654867504, 0.0007948054656135911, 0.0006316520929674173, 0.00048944056375516, 0.0003696882316082729, 0.0002722413618808093, 0.00019559068973757756], [1.2859707551866145e-05, 1.796949235840069e-05, 2.6566432351451935e-05, 4.071057992506665e-05, 6.341945097001708e-05, 9.884502495865803e-05, 0.0001522121164418231, 0.0002293057677670358, 0.00033537595210415795, 0.00047358516314610643, 0.0006434880247616737, 0.0008402690676453701, 0.0010553002104466195, 0.0012779522464799492, 0.001497836813690748, 0.0017063408742979032, 0.0018967918033821187, 0.002063583849710648, 0.0022013378381841, 0.002305031734920934, 0.00237113363489471, 0.002398858934150506, 0.002390510897688733, 0.0023505330020520015, 0.0022838071986223812, 0.002194174331151193, 0.0020838975843374585, 0.001954149077251295, 0.0018060654584785268, 0.0016417668059988144, 0.0014649158368799722, 0.0012806945614436908, 0.0010953098090655876, 0.0009152443935310411, 0.000746473339212204, 0.0005938146287881047, 0.00046051691220655796, 0.00034811982171111216, 0.0002565648431541565, 0.000184493007716034], [1.1893842942423637e-05, 1.6201896245946012e-05, 2.3369515347357046e-05, 3.499947899665703e-05, 5.3382078530481425e-05, 8.16110671556331e-05, 0.00012355700447701806, 0.00018358246256736877, 0.00026593502983742845, 0.000373897054346116, 0.000508952667718107, 0.0006703141563108996, 0.0008549947232422888, 0.0010582475953715069, 0.001273877359093237, 0.0014940167133107622, 0.0017085352398607625, 0.0019049086804225667, 0.0020694765462039547, 0.0021902415708171907, 0.0022601622767292324, 0.0022792050383824455, 0.002253901058432885, 0.002194536554809735, 0.0021114120889063133, 0.002011957334568562, 0.001899772607477722, 0.0017755184510946673, 0.0016387576775716399, 0.00148971897940836, 0.0013303325997489127, 0.0011643985342994702, 0.0009970979968917757, 0.0008341780283723711, 0.0006811005273217477, 0.0005423497124843986, 0.0004209961458128346, 0.0003185399630819165, 0.0002350014045522233, 0.00016919161302546772], [1.0937949434555046e-05, 1.4482941181887691e-05, 2.0331746115607678e-05, 2.97219450350464e-05, 4.438658939101465e-05, 6.663608229610087e-05, 9.936878836989679e-05, 0.0001459632920685437, 0.00021003866110220454, 0.00029513434648025444, 0.00040441107725296463, 0.0005404273986103164, 0.0007048653164419145, 0.0008978702319470909, 0.0011166938729506909, 0.0013538001097746554, 0.0015953782188003927, 0.0018217170086635558, 0.0020104477012792953, 0.0021421669091577257, 0.0022062409582336855, 0.002203960212259432, 0.002147341874611823, 0.0020541588001121314, 0.0019416904245020898, 0.0018220342120046581, 0.0017005631582501489, 0.0015773004892846037, 0.001449766637402359, 0.0013157124751123745, 0.0011747831495908128, 0.0010289428850059036, 0.0008819981497763306, 0.0007386971033166399, 0.000603791535400186, 0.0004812880894667419, 0.0003739815960877554, 0.00028327637627559, 0.00020925088017002586, 0.00015089438036719837], [1.003672874388836e-05, 1.2881993799724733e-05, 1.7549498939735658e-05, 2.4989298812746523e-05, 3.651499191358665e-05, 5.387141170653337e-05, 7.928414664221116e-05, 0.00011549170772014011, 0.00016578481010908622, 0.00023409133146605663, 0.0003250992882026734, 0.0004442539222908067, 0.0005972303171398166, 0.0007883595708220043, 0.001017773054100428, 0.0012778772383648023, 0.0015508570670686166, 0.0018093929819354483, 0.0020218494186657896, 0.002160898191071621, 0.002212152716428398, 0.0021786793845405606, 0.0020790526166762683, 0.0019399508893046433, 0.0017869907827686967, 0.0016378938254428931, 0.0015002208001534522, 0.0013732991259526274, 0.001252257370279214, 0.0011319165591251235, 0.0010092096569583452, 0.000883917877517669, 0.0007582103766875249, 0.0006356423140121603, 0.0005201119022444066, 0.0004150433215925881, 0.00032288265434731795, 0.0002448930624902992, 0.00018118953375780545, 0.0001309367366505815], [9.223213054597722e-06, 1.1448390862932231e-05, 1.508598397099936e-05, 2.0859891516135314e-05, 2.9767481678303643e-05, 4.314533695061461e-05, 6.275693761764728e-05, 9.09370248632853e-05, 0.00013084652096952864, 0.00018687243000257406, 0.00026508977217728824, 0.0003734519011890335, 0.0005210732042589053, 0.0007158829342614537, 0.0009604248411179924, 0.0012467843096245974, 0.0015530531652946146, 0.0018442859844523159, 0.002079546784330517, 0.0022235359480670858, 0.002258145903221462, 0.002188433657114032, 0.002039957273496402, 0.0018488611828499394, 0.001649649886579537, 0.001466078658134071, 0.001308102920113247, 0.00117437501679642, 0.001057530199109216, 0.0009493060989363052, 0.0008437675046995231, 0.0007383775944481, 0.000633558882666796, 0.0005315863965182549, 0.00043543521328271047, 0.00034789199304134714, 0.000271011889134601, 0.00020588646907612477, 0.00015264721647609042, 0.00011062276675307095], [8.518171828516314e-06, 1.0212044627758244e-05, 1.2976299550389041e-05, 1.7356423579231428e-05, 2.4108413657332604e-05, 3.426805406456532e-05, 4.9271978861385004e-05, 7.118905406438669e-05, 0.00010313805191684192, 0.00014992629264431174, 0.0002187747873018043, 0.0003196681955806404, 0.000464499787804156, 0.0006641093768073889, 0.0009229687843671109, 0.0012327844855868804, 0.0015680356852841777, 0.001887093952292196, 0.00214086349046506, 0.0022870486481847713, 0.0023043175222316227, 0.0021996049052571062, 0.002004830346712857, 0.0017647421030772884, 0.001521936235862074, 0.001305685577629802, 0.0011281674021768693, 0.0009874628801960468, 0.0008739668156982417, 0.0007766151270389711, 0.0006868398395823614, 0.0005999486061410778, 0.0005147125046715012, 0.0004321729280729704, 0.0003543982423643909, 0.00028353731848550977, 0.0002212453063050625, 0.00016842842003116304, 0.00012521834033954023, 9.109016247048239e-05], [7.930550273077894e-06, 9.1844778082837e-06, 1.1229866657493558e-05, 1.447153718369454e-05, 1.947867931339832e-05, 2.7057894259216382e-05, 3.839819811981878e-05, 5.536158993828282e-05, 8.100955995630171e-05, 0.00012040147122395763, 0.00018149854265758124, 0.0002756284048095484, 0.00041654921544161106, 0.0006170828419353937, 0.0008830478635128323, 0.0012059502610412532, 0.0015578669465235076, 0.0018926549518552072, 0.002155675647723708, 0.0022998868064246186, 0.0023018235745495925, 0.0021698381132472266, 0.0019403950411428434, 0.0016643529015486548, 0.0013900537115601166, 0.0011507006123272624, 0.0009600689954086106, 0.000815846800345055, 0.0007068227830072653, 0.0006198863081986961, 0.0005444962903976806, 0.00047428584343129916, 0.00040668386836627843, 0.0003416799202083723, 0.0002805357898780636, 0.00022481386135409694, 0.00017579096017500788, 0.0001341901998240108, 0.00010013206139133061, 7.321721884337722e-05], [7.4590119968738805e-06, 8.361069692323196e-06, 9.833170033173482e-06, 1.2170048473937006e-05, 1.579499374471675e-05, 2.133346211490303e-05, 2.9768918601719505e-05, 4.2761079987242544e-05, 6.322276407216175e-05, 9.619138342879303e-05, 0.0001498156850151431, 0.0002358797590341839, 0.00036885244683323217, 0.0005623820736991666, 0.0008229565953876067, 0.0011422544908205028, 0.0014917731759458795, 0.0018240460644904108, 0.002082731997320639, 0.002219343246421901, 0.0022098680835486864, 0.0020633451491485146, 0.0018180129153970966, 0.0015270384889964192, 0.0012409193700849697, 0.0009943370438804083, 0.0008016704216939197, 0.0006604399117531071, 0.0005587563498178791, 0.0004825861726211983, 0.00042040571556593235, 0.00036490267493370583, 0.0003126392409983772, 0.00026283943240256434, 0.00021612293972762632, 0.0001735566045665379, 0.0001360845779025637, 0.00010426222904014156, 7.819246731733157e-05, 5.757968851239056e-05], [7.094362263039186e-06, 7.72466499175305e-06, 8.754379589937224e-06, 1.0393307261536437e-05, 1.2950592209866557e-05, 1.6904215596044506e-05, 2.3053345225130412e-05, 3.283220019454741e-05, 4.8878763248297404e-05, 7.589234224174299e-05, 0.00012160500289855577, 0.00019730733334112556, 0.0003169518357505195, 0.0004937930490458552, 0.0007342944247797817, 0.0010307679236528401, 0.0013561930829917045, 0.0016653581325224026, 0.0019045193045155865, 0.0020274376959249145, 0.0020113230967851413, 0.0018650619920748228, 0.0016255271399009236, 0.0013438878650677802, 0.001068723521640368, 0.000833401268596557, 0.0006517554356065841, 0.0005213716064578748, 0.00043071433336938636, 0.0003660865738049443, 0.00031609813050719317, 0.0002733178286691465, 0.00023398523306500342, 0.0001968914824565548, 0.00016220987899841582, 0.0001306238745596399, 0.00010280471397012697, 7.916403165298055e-05, 5.978506809591214e-05, 4.445495611714237e-05], [6.822388045043915e-06, 7.250015791789429e-06, 7.94962883361551e-06, 9.066779542434521e-06, 1.082190313927293e-05, 1.3571255215012556e-05, 1.794323823645539e-05, 2.512055124039131e-05, 3.7351228640456965e-05, 5.8718399919063424e-05, 9.601266908695046e-05, 0.00015920975198581837, 0.00026068638699964906, 0.0004122510745960535, 0.0006197495205085568, 0.0008765423224832878, 0.001158906625000477, 0.0014270300919678918, 0.0016335434449223786, 0.0017376999273015783, 0.0017194776602744944, 0.001586859862131362, 0.0013725726647276486, 0.0011219758223052028, 0.0008781222343801204, 0.0006705858743126934, 0.0005116299988472102, 0.00039910084175554173, 0.00032272254043713775, 0.0002702478313112615, 0.000231412931995649, 0.00019941038918357351, 0.00017065376415126824, 0.0001438125068412135, 0.00011880295890146322, 9.60383043487103e-05, 7.59801639452218e-05, 5.8924170963138246e-05, 4.493481215940641e-05, 3.3863064539607556e-05], [6.6265993956986334e-06, 6.908227368959933e-06, 7.369712937184585e-06, 8.10917416235412e-06, 9.279179188211082e-06, 1.1136207957464669e-05, 1.4152659942159742e-05, 1.9249265980410705e-05, 2.8215908392245668e-05, 4.434509485910876e-05, 7.315016069234261e-05, 0.00012276135970155493, 0.00020329116160681135, 0.0003244141177074827, 0.0004909646361723451, 0.000697611235937013, 0.0009250977636904753, 0.0011410457573023552, 0.0013069074800771342, 0.0013895279061299278, 0.0013726467333727416, 0.0012628376417325535, 0.0010868487793379176, 0.0008817259804614333, 0.0006826249724406764, 0.0005136954745320461, 0.00038495096644928, 0.000294623467838379, 0.0002342931770157204, 0.0001939027209506678, 0.00016498414020372435, 0.0001418659311440964, 0.00012149097835197015, 0.00010264182216246327, 8.513045423835661e-05, 6.919726700606229e-05, 5.5152189701596936e-05, 4.320201206027193e-05, 3.339504019557607e-05, 2.562994139442827e-05], [6.490476462902691e-06, 6.670488490285271e-06, 6.965923871295132e-06, 7.4408870343387805e-06, 8.197373504065553e-06, 9.412387965417107e-06, 1.142254348405904e-05, 1.4899808846981684e-05, 2.1169747889491307e-05, 3.2690651824520846e-05, 5.359716551410046e-05, 9.000163897857714e-05, 0.00014951913612443435, 0.00023944784183847686, 0.00036345688397793736, 0.0005175780082384136, 0.0006873746950847041, 0.0008485414269455986, 0.0009721295439264025, 0.0010332408706612312, 0.0010196777302628498, 0.0009364102457799182, 0.0008035768399311091, 0.0006490563631929308, 0.0004993015078941751, 0.0003724818873347778, 0.00027612830304703034, 0.00020890190706224806, 0.0001644504335614561, 0.00013517841266913745, 0.00011467461628087992, 9.862213248593207e-05, 8.46654256821938e-05, 7.183278216843688e-05, 5.993225619063014e-05, 4.910409488328247e-05, 3.955371157610344e-05, 3.142272915080565e-05, 2.4746396614330242e-05, 1.945785825607355e-05], [6.399026967590447e-06, 6.5107028434722205e-06, 6.694297302275033e-06, 6.990497308252511e-06, 7.465361056573045e-06, 8.236150184697454e-06, 9.529803060943592e-06, 1.1804111328771647e-05, 1.5967962876370556e-05, 2.3715126001948268e-05, 3.790531262055538e-05, 6.277738862827665e-05, 0.00010362100970047286, 0.00016551229237056923, 0.00025101373322747024, 0.0003573928456379313, 0.00047465833162623644, 0.0005859746793881548, 0.0006712846503374339, 0.0007133366882147588, 0.0007036827192500905, 0.0006457760193525455, 0.0005535849548878679, 0.0004464424806458852, 0.00034268992204970967, 0.00025492238448127536, 0.00018835546250698626, 0.00014205223695888767, 0.00011159740468315291, 9.171170239486467e-05, 7.793531730355086e-05, 6.725939402481358e-05, 5.803466339094018e-05, 4.95720767836903e-05, 4.172517600244622e-05, 3.458081847078882e-05, 2.8274720119568194e-05, 2.29022355627741e-05, 1.848852999697894e-05, 1.4990848642963335e-05], [6.339655506639874e-06, 6.407027758233188e-06, 6.518393533098708e-06, 6.700088013461258e-06, 6.996662825749616e-06, 7.488174669263552e-06, 8.325093372015849e-06, 9.798094737774793e-06, 1.2470732834814197e-05, 1.7395760505866752e-05, 2.637735506155352e-05, 4.212714916419699e-05, 6.805466469486342e-05, 0.00010743981791495953, 0.0001619439000490351, 0.00022982803643579647, 0.0003047050339681806, 0.00037581129287264474, 0.0004303245961164412, 0.00045721649938936236, 0.00045108558596396403, 0.00041413737708745883, 0.0003552978787494141, 0.0002869207914814823, 0.00022072415012106385, 0.00016475129440653136, 0.00012232768979572326, 9.284650107760776e-05, 7.347915389014205e-05, 6.0847297679812036e-05, 5.209905296621506e-05, 4.5312337978721896e-05, 3.943579775423541e-05, 3.4032760408956446e-05, 2.9013592092567326e-05, 2.4437484009844258e-05, 2.0394224458726377e-05, 1.6947032326035815e-05, 1.4113498698046156e-05, 1.1867140365537544e-05], [6.302501749323004e-06, 6.342733155219061e-06, 6.412002496518494e-06, 6.534294906456639e-06, 6.757222635427234e-06, 7.166375621152934e-06, 7.89198689996939e-06, 9.107315661723088e-06, 1.1060946409898385e-05, 1.4217850998951698e-05, 1.9512312602860758e-05, 2.8544433356327314e-05, 4.345680483148247e-05, 6.634237692326462e-05, 9.826813543965098e-05, 0.00013821090099965086, 0.00018236699323683528, 0.0002243548645798174, 0.00025659496730280845, 0.0002725762530811021, 0.0002691087053739128, 0.00024748639517749847, 0.0002129635025960473, 0.00017281314875011562, 0.00013393264702151969, 0.00010105303158004133, 7.612539500625208e-05, 5.878527780052975e-05, 4.736205157098367e-05, 3.986502908073083e-05, 3.461777523875391e-05, 3.0495149257529332e-05, 2.688734557626881e-05, 2.35476339112063e-05, 2.043331567797884e-05, 1.7587863609220794e-05, 1.507058662720204e-05, 1.292269758045149e-05, 1.1156207287155581e-05, 9.755231416474246e-06], [6.280520175239117e-06, 6.30725678175251e-06, 6.365112940741002e-06, 6.505400399033268e-06, 6.849679536593893e-06, 7.615961270730953e-06, 9.060353984030411e-06, 1.1285928203562029e-05, 1.4055875818425926e-05, 1.692978871632073e-05, 1.983741684481655e-05, 2.3649293461762754e-05, 3.0110301096280156e-05, 4.105448726449691e-05, 5.743738603161891e-05, 7.869695348337114e-05, 0.0001025822485443185, 0.0001254537830281443, 0.00014309546929463038, 0.00015192795306248822, 0.00015020189092942546, 0.0001386122103057072, 0.00012000676230283113, 9.832977753115369e-05, 7.73205363934371e-05, 5.9541113360586595e-05, 4.604400698397285e-05, 3.662571801205137e-05, 3.0376285142339236e-05, 2.6215697173886346e-05, 2.3238510164739145e-05, 2.0841977868070805e-05, 1.8705379765241113e-05, 1.6705936665296977e-05, 1.4831079900453291e-05, 1.3113352396085628e-05, 1.1591522178859902e-05, 1.0291905507473977e-05, 9.22247821886937e-06, 8.374013018277191e-06], [6.269599533992303e-06, 6.298489855175441e-06, 6.397256324361974e-06, 6.729863796035158e-06, 7.703656072954306e-06, 1.0049247127621267e-05, 1.4566167398399708e-05, 2.1336151565585427e-05, 2.88872379781354e-05, 3.4478468519591136e-05, 3.5971659324106825e-05, 3.380160318232123e-05, 3.094501571180711e-05, 3.0844715434985734e-05, 3.533813013168425e-05, 4.41174323844046e-05, 5.538488098725515e-05, 6.669494677575821e-05, 7.558706936228547e-05, 8.012706960932441e-05, 7.9393085506172e-05, 7.371878451048277e-05, 6.452344798507278e-05, 5.377630519531774e-05, 4.334359428353771e-05, 3.450189847730204e-05, 2.7772491747673222e-05, 2.30493346338188e-05, 1.9875178553017852e-05, 1.771071862925216e-05, 1.610716770999375e-05, 1.4769890626051674e-05, 1.3547126810566206e-05, 1.2386768065324111e-05, 1.1291338300118194e-05, 1.0284515647744913e-05, 9.391103613241675e-06, 8.627480314561874e-06, 7.998773183416026e-06, 7.499787201904934e-06], [6.2687279284063246e-06, 6.325712218905942e-06, 6.574550497157027e-06, 7.50042538804863e-06, 1.0318334043089624e-05, 1.7208032180574207e-05, 3.052860921004979e-05, 5.040508842259046e-05, 7.214000668603243e-05, 8.69870670323502e-05, 8.771632271466089e-05, 7.452155106147434e-05, 5.501265823525431e-05, 3.826539283897392e-05, 2.9157276880285506e-05, 2.7466872449170347e-05, 3.037595928199198e-05, 3.4910973844126206e-05, 3.8905938117635726e-05, 4.105540366555654e-05, 4.0806935480333864e-05, 3.828203984724023e-05, 3.412664954772728e-05, 2.9244684360671865e-05, 2.4492832357457138e-05, 2.045563062771709e-05, 1.7369520994489686e-05, 1.5182643454971146e-05, 1.3682918051073866e-05, 1.262264552759612e-05, 1.1798150420044892e-05, 1.1078763407812693e-05, 1.0400943067223689e-05, 9.747515646239391e-06, 9.12610444085891e-06, 8.553037969377247e-06, 8.043700497265834e-06, 7.607980009953171e-06, 7.249055617294921e-06, 6.964089723953862e-06], [6.279394812140976e-06, 6.407886562934509e-06, 7.003783683396968e-06, 9.265324478735549e-06, 1.619734949720642e-05, 3.3191194029897124e-05, 6.607175771946374e-05, 0.00011510247997125023, 0.00016854677076847993, 0.00020455346869355595, 0.00020491662411677817, 0.0001696999932292565, 0.00011725024274743988, 6.956859614883766e-05, 3.849308189433231e-05, 2.37368541922255e-05, 1.928338175940515e-05, 1.939952576533202e-05, 2.067077517243889e-05, 2.1546219305302478e-05, 2.1488457912487115e-05, 2.047619445532409e-05, 1.8768460192496608e-05, 1.6744902385068525e-05, 1.4766536330361974e-05, 1.3078799307184696e-05, 1.1779460496054217e-05, 1.0844516107704123e-05, 1.0183090382686235e-05, 9.690674218360456e-06, 9.28298878185743e-06, 8.908049867209815e-06, 8.543215537051063e-06, 8.185812173391993e-06, 7.843428858077554e-06, 7.526643453968237e-06, 7.244646434057863e-06, 7.003208314045373e-06, 6.8042256221893584e-06, 6.6461929243176485e-06], [6.302821126988594e-06, 6.5585940705408865e-06, 7.760211894189657e-06, 1.2339100209452813e-05, 2.6394316278146443e-05, 6.086924504037574e-05, 0.00012758384943645814, 0.00022705662440822622, 0.0003354225850009625, 0.0004082510134134855, 0.0004084747046965321, 0.0003360807384921227, 0.00022814822256500347, 0.0001291846096976974, 6.314243047963439e-05, 2.9528013134502203e-05, 1.6453412332876457e-05, 1.283373046830845e-05, 1.2400540848190759e-05, 1.2578762757264348e-05, 1.2562211741554721e-05, 1.2201183783460088e-05, 1.1569492786180436e-05, 1.0810181297859878e-05, 1.0062234927992949e-05, 9.419756850749645e-06, 8.919273578363535e-06, 8.55014643051115e-06, 8.276344802369103e-06, 8.057455228748204e-06, 7.861940444543504e-06, 7.671699671061844e-06, 7.4806265764010056e-06, 7.290593703069697e-06, 7.107315255054442e-06, 6.9372265295202386e-06, 6.785597990038032e-06, 6.655678137911882e-06, 6.548554514244882e-06, 6.463450554082641e-06], [6.335205748672267e-06, 6.758660552150285e-06, 8.754134736615006e-06, 1.6365310014025847e-05, 3.973615604048459e-05, 9.706793567834224e-05, 0.0002080187358511928, 0.0003734455563202815, 0.0005536417508548759, 0.0006746839448849374, 0.0006748849409129963, 0.000554178441928682, 0.0003741852629808308, 0.00020888460342529953, 9.80911961050121e-05, 4.1011466966571874e-05, 1.7974197192167327e-05, 1.0715121071689061e-05, 9.01552554204066e-06, 8.772013767049671e-06, 8.733649387532508e-06, 8.6196997756837e-06, 8.413746495427585e-06, 8.160017918967003e-06, 7.906684775179676e-06, 7.68639636460244e-06, 7.511247665715021e-06, 7.3766551098168935e-06, 7.2693631828257265e-06, 7.175110502883348e-06, 7.083406007761812e-06, 6.989073688645137e-06, 6.8915617401678e-06, 6.793289311077962e-06, 6.697954454999734e-06, 6.609246977321208e-06, 6.530065901692546e-06, 6.462174014092397e-06, 6.406170900689142e-06, 6.36166676112091e-06], [6.365113936431997e-06, 6.9413390185751165e-06, 9.658979701434056e-06, 2.0027323372218356e-05, 5.1867210756273575e-05, 0.00012997738289940503, 0.00028114113044289227, 0.0005065244246074531, 0.0007520236701884618, 0.0009169124390661309, 0.0009171326894031356, 0.0007525811011637259, 0.0005072002798554668, 0.0002817718625395047, 0.00013053571373041446, 5.24184187338164e-05, 2.0647283207565486e-05, 1.038704649558231e-05, 7.7743796214728e-06, 7.270195298962926e-06, 7.196336493729629e-06, 7.161880872649184e-06, 7.105448572163485e-06, 7.032830711337127e-06, 6.958316853374337e-06, 6.8919340242303335e-06, 6.837065196534525e-06, 6.791758034510677e-06, 6.751463738520601e-06, 6.711629155247425e-06, 6.669276776261865e-06, 6.623459627805725e-06, 6.574934624639747e-06, 6.525497394996393e-06, 6.477307207358043e-06, 6.432367992298773e-06, 6.3922105204822874e-06, 6.3577571318674904e-06, 6.3293259541852415e-06, 6.3067265068113215e-06], [6.378131422246134e-06, 7.020974817331873e-06, 1.0053596440114e-05, 2.1624588820053484e-05, 5.715867265482271e-05, 0.00014433246923920408, 0.00031303736174166484, 0.0005645741427644812, 0.0008385592486655926, 0.0010225747532451137, 0.0010228046871055521, 0.0008391302656870467, 0.0005652319407343983, 0.0003135836653652107, 0.00014471809853824062, 5.7439274889372465e-05, 2.1875058877950455e-05, 1.0320996970565573e-05, 7.320555696395084e-06, 6.705510285649177e-06, 6.610016233820148e-06, 6.595835959659805e-06, 6.584569647565327e-06, 6.568786341307904e-06, 6.551387346425113e-06, 6.534929351964334e-06, 6.520089077821803e-06, 6.5060320490469525e-06, 6.4912880264701655e-06, 6.474566355180531e-06, 6.455234214238093e-06, 6.4334234173733855e-06, 6.409877576676852e-06, 6.385685754939703e-06, 6.362014776168035e-06, 6.339900976784658e-06, 6.320121640780539e-06, 6.303142517699826e-06, 6.2891262727293336e-06, 6.2779822790875236e-06], [6.367023824310523e-06, 6.954618200947742e-06, 9.72686091760277e-06, 2.0304681454928003e-05, 5.2789104126916154e-05, 0.00013248165183882626, 0.000286708522716723, 0.0005166587449795731, 0.0007671302788224231, 0.0009353518456310285, 0.0009355575959199467, 0.0007676380808850196, 0.0005172336106266083, 0.00028716529779614916, 0.0001327707277585185, 5.295704095107132e-05, 2.0417397383158027e-05, 9.827927866682914e-06, 7.062284572980474e-06, 6.484897074706868e-06, 6.3918020571425985e-06, 6.38199651875235e-06, 6.381554263418742e-06, 6.380489227336759e-06, 6.37847436318295e-06, 6.3759208489888115e-06, 6.372825326787797e-06, 6.368826906252166e-06, 6.363470125209543e-06, 6.356445263812185e-06, 6.347719768093935e-06, 6.3375511535291655e-06, 6.326416294598871e-06, 6.314903671306133e-06, 6.303606147815486e-06, 6.29303657632504e-06, 6.28357528299689e-06, 6.275449512676319e-06, 6.268739538836887e-06, 6.263403385114244e-06], [6.337597119985317e-06, 6.777579670122761e-06, 8.853474680845266e-06, 1.67743901651887e-05, 4.109957368336663e-05, 0.00010077552882908802, 0.0002162648878670835, 0.00038845799386296706, 0.0005760178886103385, 0.0007019863432938572, 0.0007021392431325486, 0.0005763944343146307, 0.0003888816477738481, 0.00021659611255782094, 0.00010097611014198442, 4.120337607230989e-05, 1.6830154483076525e-05, 8.89388580237157e-06, 6.8171877260807175e-06, 6.380724608633704e-06, 6.308926716998244e-06, 6.301458683733149e-06, 6.3025053512036714e-06, 6.303932452469103e-06, 6.304888526293948e-06, 6.305304039297218e-06, 6.305077454621346e-06, 6.304050970083309e-06, 6.3020853975914844e-06, 6.2991274277984734e-06, 6.295241823317625e-06, 6.290606025767585e-06, 6.285477910584912e-06, 6.28015143932419e-06, 6.2749129209159045e-06, 6.270006240191545e-06, 6.265611078686474e-06, 6.261834693846731e-06, 6.258715370414461e-06, 6.256234185829473e-06], [6.303721562193831e-06, 6.57359223075031e-06, 7.84689785676055e-06, 1.2705427226285974e-05, 2.762602937970279e-05, 6.423014383872896e-05, 0.00013506917443838255, 0.00024068923303102778, 0.00035573496182279244, 0.00043300155095534376, 0.00043309505683095204, 0.000355965047176657, 0.00024094749399227337, 0.00013526983627106117, 6.434954386615078e-05, 2.768472774648476e-05, 1.2733183925098193e-05, 7.863759678032636e-06, 6.588648981589671e-06, 6.319939161376603e-06, 6.275304812230033e-06, 6.270521440081568e-06, 6.271269711851105e-06, 6.272438398326677e-06, 6.27339399800503e-06, 6.274028001544876e-06, 6.27426627050557e-06, 6.274039591911266e-06, 6.273304315273465e-06, 6.272060671648233e-06, 6.270359464509667e-06, 6.268296514111845e-06, 6.265998223085929e-06, 6.26360306345056e-06, 6.2612434430421505e-06, 6.259031185837201e-06, 6.257048394130042e-06, 6.255344090561674e-06, 6.253935941557038e-06, 6.252815647699379e-06], [6.276989713330409e-06, 6.4125805996129815e-06, 7.052330687999932e-06, 9.493418603584794e-06, 1.6990034413864806e-05, 3.5381186336632856e-05, 7.097312818148162e-05, 0.00012404024360136929, 0.00018184313042611172, 0.00022066447256683975, 0.00022071139881884127, 0.00018195856296843573, 0.00012416969523175157, 7.107346951555214e-05, 3.544048857894867e-05, 1.701859012134791e-05, 9.506156559827104e-06, 7.059324275737591e-06, 6.418428502931639e-06, 6.2832410380299e-06, 6.260710453820154e-06, 6.2582751376954215e-06, 6.258676437282447e-06, 6.259323739085218e-06, 6.25987804488794e-06, 6.260272359933619e-06, 6.260466815816079e-06, 6.260431282089342e-06, 6.260151175022561e-06, 6.259632507454868e-06, 6.2589028700259784e-06, 6.258008205098458e-06, 6.257006487961271e-06, 6.2559599631849035e-06, 6.254927576211108e-06, 6.2539588863579704e-06, 6.253090224602947e-06, 6.252343305398538e-06, 6.251726023164549e-06, 6.251234837239923e-06]], 'energy_budget': 600.0, 'altitude_range': [5.0, 80.0], 'speed_range': [1.0, 15.0], 'hover_range': [0.5, 30.0], 'max_climb_rate': 4.0, 'start_altitude': 5.0, 'footprint_tan': 0.8390996311772799, 'land_radius': 15.0, 'declare_duration': 1.0, 'triage_weights': {'critical': 3.0, 'serious': 2.0, 'minor': 1.0}, 'triage_decay_tau': {'critical': 300.0, 'serious': 600.0, 'minor': 1200.0}, 'wrong_triage_factor': 0.5, 'match_radius': 5.0, 'lambda_fp': 1.0, 'return_penalty': 0.3, 'max_actions': 1500, 'act_time_limit_s': 0.2, 'episode_decision_time_limit_s': 30.0, 'is_calibration': True}

CALIBRATION TRUTH:
{'survivors': [{'x': 193.50006442677676, 'y': 176.49469222749224, 'triage': 'critical'}, {'x': 154.03619274617608, 'y': 174.09103656131362, 'triage': 'critical'}, {'x': 212.4411412337805, 'y': 152.94109114169262, 'triage': 'serious'}, {'x': 34.50639514131482, 'y': 196.7514144218634, 'triage': 'critical'}, {'x': 107.85681325475059, 'y': 225.05735670234256, 'triage': 'critical'}, {'x': 84.43802351791126, 'y': 122.35328069009839, 'triage': 'serious'}, {'x': 118.78786910231733, 'y': 147.44679866920796, 'triage': 'critical'}, {'x': 155.1760985909615, 'y': 284.1643873127896, 'triage': 'serious'}, {'x': 349.5311577074287, 'y': 329.99483301358487, 'triage': 'minor'}, {'x': 107.41385140796197, 'y': 238.8320063412189, 'triage': 'serious'}, {'x': 116.05513238874508, 'y': 247.21288603628335, 'triage': 'minor'}], 'wind': [-3.0750121673892497, 0.08899294190904214]}

SURVIVORS:
{'x': 193.50006442677676, 'y': 176.49469222749224, 'triage': 'critical'}
{'x': 154.03619274617608, 'y': 174.09103656131362, 'triage': 'critical'}
{'x': 212.4411412337805, 'y': 152.94109114169262, 'triage': 'serious'}
{'x': 34.50639514131482, 'y': 196.7514144218634, 'triage': 'critical'}
{'x': 107.85681325475059, 'y': 225.05735670234256, 'triage': 'critical'}
{'x': 84.43802351791126, 'y': 122.35328069009839, 'triage': 'serious'}
{'x': 118.78786910231733, 'y': 147.44679866920796, 'triage': 'critical'}
{'x': 155.1760985909615, 'y': 284.1643873127896, 'triage': 'serious'}
{'x': 349.5311577074287, 'y': 329.99483301358487, 'triage': 'minor'}
{'x': 107.41385140796197, 'y': 238.8320063412189, 'triage': 'serious'}
{'x': 116.05513238874508, 'y': 247.21288603628335, 'triage': 'minor'}

WIND:
[-3.0750121673892497, 0.08899294190904214]
